{"op_code":0,"worker_id":"3b0842aa-3287-4f03-9a25-42c688550377-139828755912512","study_name":"cnn-search","directions":[2]}
{"op_code":4,"worker_id":"3b0842aa-3287-4f03-9a25-42c688550377-139828755912512","study_id":0,"datetime_start":"2026-09-23T17:11:40.909819+00:00"}
{"op_code":5,"worker_id":"3b0842aa-3287-4f03-9a25-42c688550377-139828755912512","trial_id":0,"param_name":"dropout","param_value_internal":0.19254056920538143,"distribution":"{\"name\": \"FloatDistribution\", \"attributes\": {\"step\": null, \"low\": 0.0, \"high\": 0.3, \"log\": false}}"}
{"op_code":5,"worker_id":"3b0842aa-3287-4f03-9a25-42c688550377-139828755912512","trial_id":0,"param_name":"learning_rate","param_value_internal":0.000609964795706954,"distribution":"{\"name\": \"FloatDistribution\", \"attributes\": {\"step\": null, \"low\": 0.0001, \"high\": 0.003, \"log\": true}}"}
{"op_code":5,"worker_id":"3b0842aa-3287-4f03-9a25-42c688550377-139828755912512","trial_id":0,"param_name":"weight_decay","param_value_internal":0.041140671167800145,"distribution":"{\"name\": \"FloatDistribution\", \"attributes\": {\"step\": null, \"low\": 0.001, \"high\": 0.2, \"log\": true}}"}
{"op_code":5,"worker_id":"3b0842aa-3287-4f03-9a25-42c688550377-139828755912512","trial_id":0,"param_name":"warmup_fraction","param_value_internal":0.08121747527319668,"distribution":"{\"name\": \"FloatDistribution\", \"attributes\": {\"step\": null, \"low\": 0.02, \"high\": 0.1, \"log\": false}}"}
{"op_code":5,"worker_id":"3b0842aa-3287-4f03-9a25-42c688550377-139828755912512","trial_id":0,"param_name":"sampling_power","param_value_internal":0.5051338218669291,"distribution":"{\"name\": \"FloatDistribution\", \"attributes\": {\"step\": null, \"low\": 0.0, \"high\": 1.0, \"log\": false}}"}
{"op_code":5,"worker_id":"3b0842aa-3287-4f03-9a25-42c688550377-139828755912512","trial_id":0,"param_name":"crop_probability","param_value_internal":0.6265701597465221,"distribution":"{\"name\": \"FloatDistribution\", \"attributes\": {\"step\": null, \"low\": 0.2, \"high\": 0.8, \"log\": false}}"}
{"op_code":5,"worker_id":"3b0842aa-3287-4f03-9a25-42c688550377-139828755912512","trial_id":0,"param_name":"cnn_width","param_value_internal":1,"distribution":"{\"name\": \"CategoricalDistribution\", \"attributes\": {\"choices\": [\"base\", \"large\", \"small\"]}}"}
{"op_code":5,"worker_id":"3b0842aa-3287-4f03-9a25-42c688550377-139828755912512","trial_id":0,"param_name":"cnn_blocks","param_value_internal":1,"distribution":"{\"name\": \"CategoricalDistribution\", \"attributes\": {\"choices\": [\"three\", \"two\"]}}"}
{"op_code":5,"worker_id":"3b0842aa-3287-4f03-9a25-42c688550377-139828755912512","trial_id":0,"param_name":"cnn_kernel","param_value_internal":1,"distribution":"{\"name\": \"CategoricalDistribution\", \"attributes\": {\"choices\": [5, 7, 9, 11]}}"}
{"op_code":8,"worker_id":"3b0842aa-3287-4f03-9a25-42c688550377-139828755912512","trial_id":0,"user_attr":{"encoder":{"embedding_dim":64,"channels":[160,256,320,384],"blocks_per_stage":2,"kernel_size":7,"dilations":[1,2],"output_dim":256,"dropout":0.19254056920538143}}}
{"op_code":7,"worker_id":"3b0842aa-3287-4f03-9a25-42c688550377-139828755912512","trial_id":0,"step":1,"intermediate_value":0.10287046381248742}
{"op_code":7,"worker_id":"3b0842aa-3287-4f03-9a25-42c688550377-139828755912512","trial_id":0,"step":2,"intermediate_value":0.1509297137684043}
{"op_code":9,"worker_id":"3b0842aa-3287-4f03-9a25-42c688550377-139828755912512","trial_id":0,"system_attr":{"completed_rung_0":0.1509297137684043}}
{"op_code":7,"worker_id":"3b0842aa-3287-4f03-9a25-42c688550377-139828755912512","trial_id":0,"step":3,"intermediate_value":0.18148121768862618}
{"op_code":7,"worker_id":"3b0842aa-3287-4f03-9a25-42c688550377-139828755912512","trial_id":0,"step":4,"intermediate_value":0.2416884630157587}
{"op_code":7,"worker_id":"3b0842aa-3287-4f03-9a25-42c688550377-139828755912512","trial_id":0,"step":5,"intermediate_value":0.26936051930484417}
{"op_code":7,"worker_id":"3b0842aa-3287-4f03-9a25-42c688550377-139828755912512","trial_id":0,"step":6,"intermediate_value":0.28460458825687834}
{"op_code":9,"worker_id":"3b0842aa-3287-4f03-9a25-42c688550377-139828755912512","trial_id":0,"system_attr":{"completed_rung_1":0.28460458825687834}}
{"op_code":6,"worker_id":"3b0842aa-3287-4f03-9a25-42c688550377-139828755912512","trial_id":0,"state":1,"values":[0.28460458825687834],"datetime_complete":"2026-09-23T17:49:24.993186+00:00"}
{"op_code":4,"worker_id":"3b0842aa-3287-4f03-9a25-42c688550377-139828755912512","study_id":0,"datetime_start":"2026-09-23T17:49:25.122519+00:00"}
{"op_code":5,"worker_id":"3b0842aa-3287-4f03-9a25-42c688550377-139828755912512","trial_id":1,"param_name":"dropout","param_value_internal":0.10246524499797267,"distribution":"{\"name\": \"FloatDistribution\", \"attributes\": {\"step\": null, \"low\": 0.0, \"high\": 0.3, \"log\": false}}"}
{"op_code":5,"worker_id":"3b0842aa-3287-4f03-9a25-42c688550377-139828755912512","trial_id":1,"param_name":"learning_rate","param_value_internal":0.0013454834066347968,"distribution":"{\"name\": \"FloatDistribution\", \"attributes\": {\"step\": null, \"low\": 0.0001, \"high\": 0.003, \"log\": true}}"}
{"op_code":5,"worker_id":"3b0842aa-3287-4f03-9a25-42c688550377-139828755912512","trial_id":1,"param_name":"weight_decay","param_value_internal":0.02015649172553487,"distribution":"{\"name\": \"FloatDistribution\", \"attributes\": {\"step\": null, \"low\": 0.001, \"high\": 0.2, \"log\": true}}"}
{"op_code":5,"worker_id":"3b0842aa-3287-4f03-9a25-42c688550377-139828755912512","trial_id":1,"param_name":"warmup_fraction","param_value_internal":0.04813139088185198,"distribution":"{\"name\": \"FloatDistribution\", \"attributes\": {\"step\": null, \"low\": 0.02, \"high\": 0.1, \"log\": false}}"}
{"op_code":5,"worker_id":"3b0842aa-3287-4f03-9a25-42c688550377-139828755912512","trial_id":1,"param_name":"sampling_power","param_value_internal":0.8954658694290492,"distribution":"{\"name\": \"FloatDistribution\", \"attributes\": {\"step\": null, \"low\": 0.0, \"high\": 1.0, \"log\": false}}"}
{"op_code":5,"worker_id":"3b0842aa-3287-4f03-9a25-42c688550377-139828755912512","trial_id":1,"param_name":"crop_probability","param_value_internal":0.2544255647538661,"distribution":"{\"name\": \"FloatDistribution\", \"attributes\": {\"step\": null, \"low\": 0.2, \"high\": 0.8, \"log\": false}}"}
{"op_code":5,"worker_id":"3b0842aa-3287-4f03-9a25-42c688550377-139828755912512","trial_id":1,"param_name":"cnn_width","param_value_internal":2,"distribution":"{\"name\": \"CategoricalDistribution\", \"attributes\": {\"choices\": [\"base\", \"large\", \"small\"]}}"}
{"op_code":5,"worker_id":"3b0842aa-3287-4f03-9a25-42c688550377-139828755912512","trial_id":1,"param_name":"cnn_blocks","param_value_internal":1,"distribution":"{\"name\": \"CategoricalDistribution\", \"attributes\": {\"choices\": [\"three\", \"two\"]}}"}
{"op_code":5,"worker_id":"3b0842aa-3287-4f03-9a25-42c688550377-139828755912512","trial_id":1,"param_name":"cnn_kernel","param_value_internal":2,"distribution":"{\"name\": \"CategoricalDistribution\", \"attributes\": {\"choices\": [5, 7, 9, 11]}}"}
{"op_code":8,"worker_id":"3b0842aa-3287-4f03-9a25-42c688550377-139828755912512","trial_id":1,"user_attr":{"encoder":{"embedding_dim":64,"channels":[96,128,192,256],"blocks_per_stage":2,"kernel_size":9,"dilations":[1,2],"output_dim":256,"dropout":0.10246524499797267}}}
{"op_code":7,"worker_id":"3b0842aa-3287-4f03-9a25-42c688550377-139828755912512","trial_id":1,"step":1,"intermediate_value":0.0027994180803920243}
{"op_code":7,"worker_id":"3b0842aa-3287-4f03-9a25-42c688550377-139828755912512","trial_id":1,"step":2,"intermediate_value":0.014138089540806488}
{"op_code":7,"worker_id":"3b0842aa-3287-4f03-9a25-42c688550377-139828755912512","trial_id":1,"step":3,"intermediate_value":0.050462923022495436}
{"op_code":7,"worker_id":"3b0842aa-3287-4f03-9a25-42c688550377-139828755912512","trial_id":1,"step":4,"intermediate_value":0.07435096368731585}
{"op_code":7,"worker_id":"3b0842aa-3287-4f03-9a25-42c688550377-139828755912512","trial_id":1,"step":5,"intermediate_value":0.12929191904397902}
{"op_code":7,"worker_id":"3b0842aa-3287-4f03-9a25-42c688550377-139828755912512","trial_id":1,"step":6,"intermediate_value":0.16873506272956945}
{"op_code":9,"worker_id":"3b0842aa-3287-4f03-9a25-42c688550377-139828755912512","trial_id":1,"system_attr":{"completed_rung_0":0.16873506272956945}}
{"op_code":6,"worker_id":"3b0842aa-3287-4f03-9a25-42c688550377-139828755912512","trial_id":1,"state":1,"values":[0.16873506272956945],"datetime_complete":"2026-09-23T18:10:56.771091+00:00"}
{"op_code":4,"worker_id":"3b0842aa-3287-4f03-9a25-42c688550377-139828755912512","study_id":0,"datetime_start":"2026-09-23T18:10:56.923380+00:00"}
{"op_code":5,"worker_id":"3b0842aa-3287-4f03-9a25-42c688550377-139828755912512","trial_id":2,"param_name":"dropout","param_value_internal":0.18397513707014945,"distribution":"{\"name\": \"FloatDistribution\", \"attributes\": {\"step\": null, \"low\": 0.0, \"high\": 0.3, \"log\": false}}"}
{"op_code":5,"worker_id":"3b0842aa-3287-4f03-9a25-42c688550377-139828755912512","trial_id":2,"param_name":"learning_rate","param_value_internal":0.001768824514251102,"distribution":"{\"name\": \"FloatDistribution\", \"attributes\": {\"step\": null, \"low\": 0.0001, \"high\": 0.003, \"log\": true}}"}
{"op_code":5,"worker_id":"3b0842aa-3287-4f03-9a25-42c688550377-139828755912512","trial_id":2,"param_name":"weight_decay","param_value_internal":0.1906789320251259,"distribution":"{\"name\": \"FloatDistribution\", \"attributes\": {\"step\": null, \"low\": 0.001, \"high\": 0.2, \"log\": true}}"}
{"op_code":5,"worker_id":"3b0842aa-3287-4f03-9a25-42c688550377-139828755912512","trial_id":2,"param_name":"warmup_fraction","param_value_internal":0.09591209878385994,"distribution":"{\"name\": \"FloatDistribution\", \"attributes\": {\"step\": null, \"low\": 0.02, \"high\": 0.1, \"log\": false}}"}
{"op_code":5,"worker_id":"3b0842aa-3287-4f03-9a25-42c688550377-139828755912512","trial_id":2,"param_name":"sampling_power","param_value_internal":0.7487454574766922,"distribution":"{\"name\": \"FloatDistribution\", \"attributes\": {\"step\": null, \"low\": 0.0, \"high\": 1.0, \"log\": false}}"}
{"op_code":5,"worker_id":"3b0842aa-3287-4f03-9a25-42c688550377-139828755912512","trial_id":2,"param_name":"crop_probability","param_value_internal":0.4020365992830327,"distribution":"{\"name\": \"FloatDistribution\", \"attributes\": {\"step\": null, \"low\": 0.2, \"high\": 0.8, \"log\": false}}"}
{"op_code":5,"worker_id":"3b0842aa-3287-4f03-9a25-42c688550377-139828755912512","trial_id":2,"param_name":"cnn_width","param_value_internal":1,"distribution":"{\"name\": \"CategoricalDistribution\", \"attributes\": {\"choices\": [\"base\", \"large\", \"small\"]}}"}
{"op_code":5,"worker_id":"3b0842aa-3287-4f03-9a25-42c688550377-139828755912512","trial_id":2,"param_name":"cnn_blocks","param_value_internal":1,"distribution":"{\"name\": \"CategoricalDistribution\", \"attributes\": {\"choices\": [\"three\", \"two\"]}}"}
{"op_code":5,"worker_id":"3b0842aa-3287-4f03-9a25-42c688550377-139828755912512","trial_id":2,"param_name":"cnn_kernel","param_value_internal":0,"distribution":"{\"name\": \"CategoricalDistribution\", \"attributes\": {\"choices\": [5, 7, 9, 11]}}"}
{"op_code":8,"worker_id":"3b0842aa-3287-4f03-9a25-42c688550377-139828755912512","trial_id":2,"user_attr":{"encoder":{"embedding_dim":64,"channels":[160,256,320,384],"blocks_per_stage":2,"kernel_size":5,"dilations":[1,2],"output_dim":256,"dropout":0.18397513707014945}}}
{"op_code":7,"worker_id":"3b0842aa-3287-4f03-9a25-42c688550377-139828755912512","trial_id":2,"step":1,"intermediate_value":0.004014295640752474}
{"op_code":7,"worker_id":"3b0842aa-3287-4f03-9a25-42c688550377-139828755912512","trial_id":2,"step":2,"intermediate_value":0.012806678700079337}
{"op_code":9,"worker_id":"3b0842aa-3287-4f03-9a25-42c688550377-139828755912512","trial_id":2,"system_attr":{"completed_rung_0":0.012806678700079337}}
{"op_code":6,"worker_id":"3b0842aa-3287-4f03-9a25-42c688550377-139828755912512","trial_id":2,"state":2,"values":[0.012806678700079337],"datetime_complete":"2026-09-23T18:22:42.306584+00:00"}
{"op_code":4,"worker_id":"3b0842aa-3287-4f03-9a25-42c688550377-139828755912512","study_id":0,"datetime_start":"2026-09-23T18:22:42.467782+00:00"}
{"op_code":5,"worker_id":"3b0842aa-3287-4f03-9a25-42c688550377-139828755912512","trial_id":3,"param_name":"dropout","param_value_internal":0.229859118518824,"distribution":"{\"name\": \"FloatDistribution\", \"attributes\": {\"step\": null, \"low\": 0.0, \"high\": 0.3, \"log\": false}}"}
{"op_code":5,"worker_id":"3b0842aa-3287-4f03-9a25-42c688550377-139828755912512","trial_id":3,"param_name":"learning_rate","param_value_internal":0.00020153173913192062,"distribution":"{\"name\": \"FloatDistribution\", \"attributes\": {\"step\": null, \"low\": 0.0001, \"high\": 0.003, \"log\": true}}"}
{"op_code":5,"worker_id":"3b0842aa-3287-4f03-9a25-42c688550377-139828755912512","trial_id":3,"param_name":"weight_decay","param_value_internal":0.015213008331453172,"distribution":"{\"name\": \"FloatDistribution\", \"attributes\": {\"step\": null, \"low\": 0.001, \"high\": 0.2, \"log\": true}}"}
{"op_code":5,"worker_id":"3b0842aa-3287-4f03-9a25-42c688550377-139828755912512","trial_id":3,"param_name":"warmup_fraction","param_value_internal":0.057453380043751986,"distribution":"{\"name\": \"FloatDistribution\", \"attributes\": {\"step\": null, \"low\": 0.02, \"high\": 0.1, \"log\": false}}"}
{"op_code":5,"worker_id":"3b0842aa-3287-4f03-9a25-42c688550377-139828755912512","trial_id":3,"param_name":"sampling_power","param_value_internal":0.5936196427925672,"distribution":"{\"name\": \"FloatDistribution\", \"attributes\": {\"step\": null, \"low\": 0.0, \"high\": 1.0, \"log\": false}}"}
{"op_code":5,"worker_id":"3b0842aa-3287-4f03-9a25-42c688550377-139828755912512","trial_id":3,"param_name":"crop_probability","param_value_internal":0.728776526586183,"distribution":"{\"name\": \"FloatDistribution\", \"attributes\": {\"step\": null, \"low\": 0.2, \"high\": 0.8, \"log\": false}}"}
{"op_code":5,"worker_id":"3b0842aa-3287-4f03-9a25-42c688550377-139828755912512","trial_id":3,"param_name":"cnn_width","param_value_internal":2,"distribution":"{\"name\": \"CategoricalDistribution\", \"attributes\": {\"choices\": [\"base\", \"large\", \"small\"]}}"}
{"op_code":5,"worker_id":"3b0842aa-3287-4f03-9a25-42c688550377-139828755912512","trial_id":3,"param_name":"cnn_blocks","param_value_internal":1,"distribution":"{\"name\": \"CategoricalDistribution\", \"attributes\": {\"choices\": [\"three\", \"two\"]}}"}
{"op_code":5,"worker_id":"3b0842aa-3287-4f03-9a25-42c688550377-139828755912512","trial_id":3,"param_name":"cnn_kernel","param_value_internal":0,"distribution":"{\"name\": \"CategoricalDistribution\", \"attributes\": {\"choices\": [5, 7, 9, 11]}}"}
{"op_code":8,"worker_id":"3b0842aa-3287-4f03-9a25-42c688550377-139828755912512","trial_id":3,"user_attr":{"encoder":{"embedding_dim":64,"channels":[96,128,192,256],"blocks_per_stage":2,"kernel_size":5,"dilations":[1,2],"output_dim":256,"dropout":0.229859118518824}}}
{"op_code":7,"worker_id":"3b0842aa-3287-4f03-9a25-42c688550377-139828755912512","trial_id":3,"step":1,"intermediate_value":0.0990025732064185}
{"op_code":7,"worker_id":"3b0842aa-3287-4f03-9a25-42c688550377-139828755912512","trial_id":3,"step":2,"intermediate_value":0.11708897302023276}
{"op_code":9,"worker_id":"3b0842aa-3287-4f03-9a25-42c688550377-139828755912512","trial_id":3,"system_attr":{"completed_rung_0":0.11708897302023276}}
{"op_code":6,"worker_id":"3b0842aa-3287-4f03-9a25-42c688550377-139828755912512","trial_id":3,"state":2,"values":[0.11708897302023276],"datetime_complete":"2026-09-23T18:28:59.531465+00:00"}
{"op_code":4,"worker_id":"3b0842aa-3287-4f03-9a25-42c688550377-139828755912512","study_id":0,"datetime_start":"2026-09-23T18:28:59.675394+00:00"}
{"op_code":5,"worker_id":"3b0842aa-3287-4f03-9a25-42c688550377-139828755912512","trial_id":4,"param_name":"dropout","param_value_internal":0.12213727005921443,"distribution":"{\"name\": \"FloatDistribution\", \"attributes\": {\"step\": null, \"low\": 0.0, \"high\": 0.3, \"log\": false}}"}
{"op_code":5,"worker_id":"3b0842aa-3287-4f03-9a25-42c688550377-139828755912512","trial_id":4,"param_name":"learning_rate","param_value_internal":0.00024362558848362408,"distribution":"{\"name\": \"FloatDistribution\", \"attributes\": {\"step\": null, \"low\": 0.0001, \"high\": 0.003, \"log\": true}}"}
{"op_code":5,"worker_id":"3b0842aa-3287-4f03-9a25-42c688550377-139828755912512","trial_id":4,"param_name":"weight_decay","param_value_internal":0.0011644414748505178,"distribution":"{\"name\": \"FloatDistribution\", \"attributes\": {\"step\": null, \"low\": 0.001, \"high\": 0.2, \"log\": true}}"}
{"op_code":5,"worker_id":"3b0842aa-3287-4f03-9a25-42c688550377-139828755912512","trial_id":4,"param_name":"warmup_fraction","param_value_internal":0.0639440820119068,"distribution":"{\"name\": \"FloatDistribution\", \"attributes\": {\"step\": null, \"low\": 0.02, \"high\": 0.1, \"log\": false}}"}
{"op_code":5,"worker_id":"3b0842aa-3287-4f03-9a25-42c688550377-139828755912512","trial_id":4,"param_name":"sampling_power","param_value_internal":0.6640400492774723,"distribution":"{\"name\": \"FloatDistribution\", \"attributes\": {\"step\": null, \"low\": 0.0, \"high\": 1.0, \"log\": false}}"}
{"op_code":5,"worker_id":"3b0842aa-3287-4f03-9a25-42c688550377-139828755912512","trial_id":4,"param_name":"crop_probability","param_value_internal":0.39550945862124876,"distribution":"{\"name\": \"FloatDistribution\", \"attributes\": {\"step\": null, \"low\": 0.2, \"high\": 0.8, \"log\": false}}"}
{"op_code":5,"worker_id":"3b0842aa-3287-4f03-9a25-42c688550377-139828755912512","trial_id":4,"param_name":"cnn_width","param_value_internal":0,"distribution":"{\"name\": \"CategoricalDistribution\", \"attributes\": {\"choices\": [\"base\", \"large\", \"small\"]}}"}
{"op_code":5,"worker_id":"3b0842aa-3287-4f03-9a25-42c688550377-139828755912512","trial_id":4,"param_name":"cnn_blocks","param_value_internal":0,"distribution":"{\"name\": \"CategoricalDistribution\", \"attributes\": {\"choices\": [\"three\", \"two\"]}}"}
{"op_code":5,"worker_id":"3b0842aa-3287-4f03-9a25-42c688550377-139828755912512","trial_id":4,"param_name":"cnn_kernel","param_value_internal":0,"distribution":"{\"name\": \"CategoricalDistribution\", \"attributes\": {\"choices\": [5, 7, 9, 11]}}"}
{"op_code":8,"worker_id":"3b0842aa-3287-4f03-9a25-42c688550377-139828755912512","trial_id":4,"user_attr":{"encoder":{"embedding_dim":64,"channels":[128,192,256,320],"blocks_per_stage":3,"kernel_size":5,"dilations":[1,2,4],"output_dim":256,"dropout":0.12213727005921443}}}
{"op_code":7,"worker_id":"3b0842aa-3287-4f03-9a25-42c688550377-139828755912512","trial_id":4,"step":1,"intermediate_value":0.08500949542817259}
{"op_code":7,"worker_id":"3b0842aa-3287-4f03-9a25-42c688550377-139828755912512","trial_id":4,"step":2,"intermediate_value":0.1478779462410967}
{"op_code":9,"worker_id":"3b0842aa-3287-4f03-9a25-42c688550377-139828755912512","trial_id":4,"system_attr":{"completed_rung_0":0.1478779462410967}}
{"op_code":6,"worker_id":"3b0842aa-3287-4f03-9a25-42c688550377-139828755912512","trial_id":4,"state":2,"values":[0.1478779462410967],"datetime_complete":"2026-09-23T18:41:29.304871+00:00"}
{"op_code":4,"worker_id":"3b0842aa-3287-4f03-9a25-42c688550377-139828755912512","study_id":0,"datetime_start":"2026-09-23T18:41:29.462680+00:00"}
{"op_code":5,"worker_id":"3b0842aa-3287-4f03-9a25-42c688550377-139828755912512","trial_id":5,"param_name":"dropout","param_value_internal":0.22812482673228743,"distribution":"{\"name\": \"FloatDistribution\", \"attributes\": {\"step\": null, \"low\": 0.0, \"high\": 0.3, \"log\": false}}"}
{"op_code":5,"worker_id":"3b0842aa-3287-4f03-9a25-42c688550377-139828755912512","trial_id":5,"param_name":"learning_rate","param_value_internal":0.002566665543320515,"distribution":"{\"name\": \"FloatDistribution\", \"attributes\": {\"step\": null, \"low\": 0.0001, \"high\": 0.003, \"log\": true}}"}
{"op_code":5,"worker_id":"3b0842aa-3287-4f03-9a25-42c688550377-139828755912512","trial_id":5,"param_name":"weight_decay","param_value_internal":0.0018038054142072476,"distribution":"{\"name\": \"FloatDistribution\", \"attributes\": {\"step\": null, \"low\": 0.001, \"high\": 0.2, \"log\": true}}"}
{"op_code":5,"worker_id":"3b0842aa-3287-4f03-9a25-42c688550377-139828755912512","trial_id":5,"param_name":"warmup_fraction","param_value_internal":0.09316499123483021,"distribution":"{\"name\": \"FloatDistribution\", \"attributes\": {\"step\": null, \"low\": 0.02, \"high\": 0.1, \"log\": false}}"}
{"op_code":5,"worker_id":"3b0842aa-3287-4f03-9a25-42c688550377-139828755912512","trial_id":5,"param_name":"sampling_power","param_value_internal":0.09355363351454027,"distribution":"{\"name\": \"FloatDistribution\", \"attributes\": {\"step\": null, \"low\": 0.0, \"high\": 1.0, \"log\": false}}"}
{"op_code":5,"worker_id":"3b0842aa-3287-4f03-9a25-42c688550377-139828755912512","trial_id":5,"param_name":"crop_probability","param_value_internal":0.633594563859802,"distribution":"{\"name\": \"FloatDistribution\", \"attributes\": {\"step\": null, \"low\": 0.2, \"high\": 0.8, \"log\": false}}"}
{"op_code":5,"worker_id":"3b0842aa-3287-4f03-9a25-42c688550377-139828755912512","trial_id":5,"param_name":"cnn_width","param_value_internal":2,"distribution":"{\"name\": \"CategoricalDistribution\", \"attributes\": {\"choices\": [\"base\", \"large\", \"small\"]}}"}
{"op_code":5,"worker_id":"3b0842aa-3287-4f03-9a25-42c688550377-139828755912512","trial_id":5,"param_name":"cnn_blocks","param_value_internal":0,"distribution":"{\"name\": \"CategoricalDistribution\", \"attributes\": {\"choices\": [\"three\", \"two\"]}}"}
{"op_code":5,"worker_id":"3b0842aa-3287-4f03-9a25-42c688550377-139828755912512","trial_id":5,"param_name":"cnn_kernel","param_value_internal":3,"distribution":"{\"name\": \"CategoricalDistribution\", \"attributes\": {\"choices\": [5, 7, 9, 11]}}"}
{"op_code":8,"worker_id":"3b0842aa-3287-4f03-9a25-42c688550377-139828755912512","trial_id":5,"user_attr":{"encoder":{"embedding_dim":64,"channels":[96,128,192,256],"blocks_per_stage":3,"kernel_size":11,"dilations":[1,2,4],"output_dim":256,"dropout":0.22812482673228743}}}
{"op_code":7,"worker_id":"3b0842aa-3287-4f03-9a25-42c688550377-139828755912512","trial_id":5,"step":1,"intermediate_value":0.13214873993583814}
{"op_code":7,"worker_id":"3b0842aa-3287-4f03-9a25-42c688550377-139828755912512","trial_id":5,"step":2,"intermediate_value":0.19183707499348504}
{"op_code":9,"worker_id":"3b0842aa-3287-4f03-9a25-42c688550377-139828755912512","trial_id":5,"system_attr":{"completed_rung_0":0.19183707499348504}}
{"op_code":7,"worker_id":"3b0842aa-3287-4f03-9a25-42c688550377-139828755912512","trial_id":5,"step":3,"intermediate_value":7.90263948158685e-05}
{"op_code":7,"worker_id":"3b0842aa-3287-4f03-9a25-42c688550377-139828755912512","trial_id":5,"step":4,"intermediate_value":7.90263948158685e-05}
{"op_code":7,"worker_id":"3b0842aa-3287-4f03-9a25-42c688550377-139828755912512","trial_id":5,"step":5,"intermediate_value":7.90263948158685e-05}
{"op_code":7,"worker_id":"3b0842aa-3287-4f03-9a25-42c688550377-139828755912512","trial_id":5,"step":6,"intermediate_value":7.90263948158685e-05}
{"op_code":9,"worker_id":"3b0842aa-3287-4f03-9a25-42c688550377-139828755912512","trial_id":5,"system_attr":{"completed_rung_1":7.90263948158685e-05}}
{"op_code":6,"worker_id":"3b0842aa-3287-4f03-9a25-42c688550377-139828755912512","trial_id":5,"state":2,"values":[7.90263948158685e-05],"datetime_complete":"2026-09-23T19:11:30.477093+00:00"}
{"op_code":4,"worker_id":"3b0842aa-3287-4f03-9a25-42c688550377-139828755912512","study_id":0,"datetime_start":"2026-09-23T19:11:30.627823+00:00"}
{"op_code":5,"worker_id":"3b0842aa-3287-4f03-9a25-42c688550377-139828755912512","trial_id":6,"param_name":"dropout","param_value_internal":0.14802635618120508,"distribution":"{\"name\": \"FloatDistribution\", \"attributes\": {\"step\": null, \"low\": 0.0, \"high\": 0.3, \"log\": false}}"}
{"op_code":5,"worker_id":"3b0842aa-3287-4f03-9a25-42c688550377-139828755912512","trial_id":6,"param_name":"learning_rate","param_value_internal":0.0003224761328244722,"distribution":"{\"name\": \"FloatDistribution\", \"attributes\": {\"step\": null, \"low\": 0.0001, \"high\": 0.003, \"log\": true}}"}
{"op_code":5,"worker_id":"3b0842aa-3287-4f03-9a25-42c688550377-139828755912512","trial_id":6,"param_name":"weight_decay","param_value_internal":0.08421492551097452,"distribution":"{\"name\": \"FloatDistribution\", \"attributes\": {\"step\": null, \"low\": 0.001, \"high\": 0.2, \"log\": true}}"}
{"op_code":5,"worker_id":"3b0842aa-3287-4f03-9a25-42c688550377-139828755912512","trial_id":6,"param_name":"warmup_fraction","param_value_internal":0.08711942869282302,"distribution":"{\"name\": \"FloatDistribution\", \"attributes\": {\"step\": null, \"low\": 0.02, \"high\": 0.1, \"log\": false}}"}
{"op_code":5,"worker_id":"3b0842aa-3287-4f03-9a25-42c688550377-139828755912512","trial_id":6,"param_name":"sampling_power","param_value_internal":0.009574400560323881,"distribution":"{\"name\": \"FloatDistribution\", \"attributes\": {\"step\": null, \"low\": 0.0, \"high\": 1.0, \"log\": false}}"}
{"op_code":5,"worker_id":"3b0842aa-3287-4f03-9a25-42c688550377-139828755912512","trial_id":6,"param_name":"crop_probability","param_value_internal":0.6380496334052349,"distribution":"{\"name\": \"FloatDistribution\", \"attributes\": {\"step\": null, \"low\": 0.2, \"high\": 0.8, \"log\": false}}"}
{"op_code":5,"worker_id":"3b0842aa-3287-4f03-9a25-42c688550377-139828755912512","trial_id":6,"param_name":"cnn_width","param_value_internal":0,"distribution":"{\"name\": \"CategoricalDistribution\", \"attributes\": {\"choices\": [\"base\", \"large\", \"small\"]}}"}
{"op_code":5,"worker_id":"3b0842aa-3287-4f03-9a25-42c688550377-139828755912512","trial_id":6,"param_name":"cnn_blocks","param_value_internal":1,"distribution":"{\"name\": \"CategoricalDistribution\", \"attributes\": {\"choices\": [\"three\", \"two\"]}}"}
{"op_code":5,"worker_id":"3b0842aa-3287-4f03-9a25-42c688550377-139828755912512","trial_id":6,"param_name":"cnn_kernel","param_value_internal":0,"distribution":"{\"name\": \"CategoricalDistribution\", \"attributes\": {\"choices\": [5, 7, 9, 11]}}"}
{"op_code":8,"worker_id":"3b0842aa-3287-4f03-9a25-42c688550377-139828755912512","trial_id":6,"user_attr":{"encoder":{"embedding_dim":64,"channels":[128,192,256,320],"blocks_per_stage":2,"kernel_size":5,"dilations":[1,2],"output_dim":256,"dropout":0.14802635618120508}}}
{"op_code":7,"worker_id":"3b0842aa-3287-4f03-9a25-42c688550377-139828755912512","trial_id":6,"step":1,"intermediate_value":0.1937948452498226}
{"op_code":7,"worker_id":"3b0842aa-3287-4f03-9a25-42c688550377-139828755912512","trial_id":6,"step":2,"intermediate_value":0.30568429389971963}
{"op_code":9,"worker_id":"3b0842aa-3287-4f03-9a25-42c688550377-139828755912512","trial_id":6,"system_attr":{"completed_rung_0":0.30568429389971963}}
{"op_code":7,"worker_id":"3b0842aa-3287-4f03-9a25-42c688550377-139828755912512","trial_id":6,"step":3,"intermediate_value":0.34721784734775607}
{"op_code":7,"worker_id":"3b0842aa-3287-4f03-9a25-42c688550377-139828755912512","trial_id":6,"step":4,"intermediate_value":0.3949938729465119}
{"op_code":7,"worker_id":"3b0842aa-3287-4f03-9a25-42c688550377-139828755912512","trial_id":6,"step":5,"intermediate_value":0.41393891850428116}
{"op_code":7,"worker_id":"3b0842aa-3287-4f03-9a25-42c688550377-139828755912512","trial_id":6,"step":6,"intermediate_value":0.42078010755169093}
{"op_code":9,"worker_id":"3b0842aa-3287-4f03-9a25-42c688550377-139828755912512","trial_id":6,"system_attr":{"completed_rung_1":0.42078010755169093}}
{"op_code":6,"worker_id":"3b0842aa-3287-4f03-9a25-42c688550377-139828755912512","trial_id":6,"state":1,"values":[0.42078010755169093],"datetime_complete":"2026-09-23T19:37:17.654708+00:00"}
{"op_code":4,"worker_id":"3b0842aa-3287-4f03-9a25-42c688550377-139828755912512","study_id":0,"datetime_start":"2026-09-23T19:37:17.778581+00:00"}
{"op_code":5,"worker_id":"3b0842aa-3287-4f03-9a25-42c688550377-139828755912512","trial_id":7,"param_name":"dropout","param_value_internal":0.03225241661536003,"distribution":"{\"name\": \"FloatDistribution\", \"attributes\": {\"step\": null, \"low\": 0.0, \"high\": 0.3, \"log\": false}}"}
{"op_code":5,"worker_id":"3b0842aa-3287-4f03-9a25-42c688550377-139828755912512","trial_id":7,"param_name":"learning_rate","param_value_internal":0.0003754879499526223,"distribution":"{\"name\": \"FloatDistribution\", \"attributes\": {\"step\": null, \"low\": 0.0001, \"high\": 0.003, \"log\": true}}"}
{"op_code":5,"worker_id":"3b0842aa-3287-4f03-9a25-42c688550377-139828755912512","trial_id":7,"param_name":"weight_decay","param_value_internal":0.022517156655273984,"distribution":"{\"name\": \"FloatDistribution\", \"attributes\": {\"step\": null, \"low\": 0.001, \"high\": 0.2, \"log\": true}}"}
{"op_code":5,"worker_id":"3b0842aa-3287-4f03-9a25-42c688550377-139828755912512","trial_id":7,"param_name":"warmup_fraction","param_value_internal":0.05916236074658639,"distribution":"{\"name\": \"FloatDistribution\", \"attributes\": {\"step\": null, \"low\": 0.02, \"high\": 0.1, \"log\": false}}"}
{"op_code":5,"worker_id":"3b0842aa-3287-4f03-9a25-42c688550377-139828755912512","trial_id":7,"param_name":"sampling_power","param_value_internal":0.39088989931306595,"distribution":"{\"name\": \"FloatDistribution\", \"attributes\": {\"step\": null, \"low\": 0.0, \"high\": 1.0, \"log\": false}}"}
{"op_code":5,"worker_id":"3b0842aa-3287-4f03-9a25-42c688550377-139828755912512","trial_id":7,"param_name":"crop_probability","param_value_internal":0.25747702202261075,"distribution":"{\"name\": \"FloatDistribution\", \"attributes\": {\"step\": null, \"low\": 0.2, \"high\": 0.8, \"log\": false}}"}
{"op_code":5,"worker_id":"3b0842aa-3287-4f03-9a25-42c688550377-139828755912512","trial_id":7,"param_name":"cnn_width","param_value_internal":0,"distribution":"{\"name\": \"CategoricalDistribution\", \"attributes\": {\"choices\": [\"base\", \"large\", \"small\"]}}"}
{"op_code":5,"worker_id":"3b0842aa-3287-4f03-9a25-42c688550377-139828755912512","trial_id":7,"param_name":"cnn_blocks","param_value_internal":1,"distribution":"{\"name\": \"CategoricalDistribution\", \"attributes\": {\"choices\": [\"three\", \"two\"]}}"}
{"op_code":5,"worker_id":"3b0842aa-3287-4f03-9a25-42c688550377-139828755912512","trial_id":7,"param_name":"cnn_kernel","param_value_internal":2,"distribution":"{\"name\": \"CategoricalDistribution\", \"attributes\": {\"choices\": [5, 7, 9, 11]}}"}
{"op_code":8,"worker_id":"3b0842aa-3287-4f03-9a25-42c688550377-139828755912512","trial_id":7,"user_attr":{"encoder":{"embedding_dim":64,"channels":[128,192,256,320],"blocks_per_stage":2,"kernel_size":9,"dilations":[1,2],"output_dim":256,"dropout":0.03225241661536003}}}
{"op_code":7,"worker_id":"3b0842aa-3287-4f03-9a25-42c688550377-139828755912512","trial_id":7,"step":1,"intermediate_value":0.19833507325156052}
{"op_code":7,"worker_id":"3b0842aa-3287-4f03-9a25-42c688550377-139828755912512","trial_id":7,"step":2,"intermediate_value":0.33385319102786254}
{"op_code":9,"worker_id":"3b0842aa-3287-4f03-9a25-42c688550377-139828755912512","trial_id":7,"system_attr":{"completed_rung_0":0.33385319102786254}}
{"op_code":7,"worker_id":"3b0842aa-3287-4f03-9a25-42c688550377-139828755912512","trial_id":7,"step":3,"intermediate_value":0.4277466910901697}
{"op_code":7,"worker_id":"3b0842aa-3287-4f03-9a25-42c688550377-139828755912512","trial_id":7,"step":4,"intermediate_value":0.4780120481256254}
{"op_code":7,"worker_id":"3b0842aa-3287-4f03-9a25-42c688550377-139828755912512","trial_id":7,"step":5,"intermediate_value":0.5078597267001989}
{"op_code":7,"worker_id":"3b0842aa-3287-4f03-9a25-42c688550377-139828755912512","trial_id":7,"step":6,"intermediate_value":0.5172207319783595}
{"op_code":9,"worker_id":"3b0842aa-3287-4f03-9a25-42c688550377-139828755912512","trial_id":7,"system_attr":{"completed_rung_1":0.5172207319783595}}
{"op_code":6,"worker_id":"3b0842aa-3287-4f03-9a25-42c688550377-139828755912512","trial_id":7,"state":1,"values":[0.5172207319783595],"datetime_complete":"2026-09-23T20:07:24.696484+00:00"}
{"op_code":4,"worker_id":"3b0842aa-3287-4f03-9a25-42c688550377-139828755912512","study_id":0,"datetime_start":"2026-09-23T20:07:24.836107+00:00"}
{"op_code":5,"worker_id":"3b0842aa-3287-4f03-9a25-42c688550377-139828755912512","trial_id":8,"param_name":"dropout","param_value_internal":0.2060166617741494,"distribution":"{\"name\": \"FloatDistribution\", \"attributes\": {\"step\": null, \"low\": 0.0, \"high\": 0.3, \"log\": false}}"}
{"op_code":5,"worker_id":"3b0842aa-3287-4f03-9a25-42c688550377-139828755912512","trial_id":8,"param_name":"learning_rate","param_value_internal":0.00023104296442345482,"distribution":"{\"name\": \"FloatDistribution\", \"attributes\": {\"step\": null, \"low\": 0.0001, \"high\": 0.003, \"log\": true}}"}
{"op_code":5,"worker_id":"3b0842aa-3287-4f03-9a25-42c688550377-139828755912512","trial_id":8,"param_name":"weight_decay","param_value_internal":0.007462904073467409,"distribution":"{\"name\": \"FloatDistribution\", \"attributes\": {\"step\": null, \"low\": 0.001, \"high\": 0.2, \"log\": true}}"}
{"op_code":5,"worker_id":"3b0842aa-3287-4f03-9a25-42c688550377-139828755912512","trial_id":8,"param_name":"warmup_fraction","param_value_internal":0.050466414072564296,"distribution":"{\"name\": \"FloatDistribution\", \"attributes\": {\"step\": null, \"low\": 0.02, \"high\": 0.1, \"log\": false}}"}
{"op_code":5,"worker_id":"3b0842aa-3287-4f03-9a25-42c688550377-139828755912512","trial_id":8,"param_name":"sampling_power","param_value_internal":0.1860708188161151,"distribution":"{\"name\": \"FloatDistribution\", \"attributes\": {\"step\": null, \"low\": 0.0, \"high\": 1.0, \"log\": false}}"}
{"op_code":5,"worker_id":"3b0842aa-3287-4f03-9a25-42c688550377-139828755912512","trial_id":8,"param_name":"crop_probability","param_value_internal":0.32700958357735843,"distribution":"{\"name\": \"FloatDistribution\", \"attributes\": {\"step\": null, \"low\": 0.2, \"high\": 0.8, \"log\": false}}"}
{"op_code":5,"worker_id":"3b0842aa-3287-4f03-9a25-42c688550377-139828755912512","trial_id":8,"param_name":"cnn_width","param_value_internal":2,"distribution":"{\"name\": \"CategoricalDistribution\", \"attributes\": {\"choices\": [\"base\", \"large\", \"small\"]}}"}
{"op_code":5,"worker_id":"3b0842aa-3287-4f03-9a25-42c688550377-139828755912512","trial_id":8,"param_name":"cnn_blocks","param_value_internal":0,"distribution":"{\"name\": \"CategoricalDistribution\", \"attributes\": {\"choices\": [\"three\", \"two\"]}}"}
{"op_code":5,"worker_id":"3b0842aa-3287-4f03-9a25-42c688550377-139828755912512","trial_id":8,"param_name":"cnn_kernel","param_value_internal":2,"distribution":"{\"name\": \"CategoricalDistribution\", \"attributes\": {\"choices\": [5, 7, 9, 11]}}"}
{"op_code":8,"worker_id":"3b0842aa-3287-4f03-9a25-42c688550377-139828755912512","trial_id":8,"user_attr":{"encoder":{"embedding_dim":64,"channels":[96,128,192,256],"blocks_per_stage":3,"kernel_size":9,"dilations":[1,2,4],"output_dim":256,"dropout":0.2060166617741494}}}
{"op_code":7,"worker_id":"3b0842aa-3287-4f03-9a25-42c688550377-139828755912512","trial_id":8,"step":1,"intermediate_value":0.15632150969171235}
{"op_code":7,"worker_id":"3b0842aa-3287-4f03-9a25-42c688550377-139828755912512","trial_id":8,"step":2,"intermediate_value":0.268222996212752}
{"op_code":7,"worker_id":"3b0842aa-3287-4f03-9a25-42c688550377-139828755912512","trial_id":8,"step":3,"intermediate_value":0.333609869984304}
{"op_code":7,"worker_id":"3b0842aa-3287-4f03-9a25-42c688550377-139828755912512","trial_id":8,"step":4,"intermediate_value":0.37904118579272617}
{"op_code":7,"worker_id":"3b0842aa-3287-4f03-9a25-42c688550377-139828755912512","trial_id":8,"step":5,"intermediate_value":0.39981888577018854}
{"op_code":7,"worker_id":"3b0842aa-3287-4f03-9a25-42c688550377-139828755912512","trial_id":8,"step":6,"intermediate_value":0.40591133037870475}
{"op_code":9,"worker_id":"3b0842aa-3287-4f03-9a25-42c688550377-139828755912512","trial_id":8,"system_attr":{"completed_rung_0":0.40591133037870475}}
{"op_code":6,"worker_id":"3b0842aa-3287-4f03-9a25-42c688550377-139828755912512","trial_id":8,"state":1,"values":[0.40591133037870475],"datetime_complete":"2026-09-23T20:37:28.611342+00:00"}
{"op_code":4,"worker_id":"3b0842aa-3287-4f03-9a25-42c688550377-139828755912512","study_id":0,"datetime_start":"2026-09-23T20:37:28.792580+00:00"}
{"op_code":5,"worker_id":"3b0842aa-3287-4f03-9a25-42c688550377-139828755912512","trial_id":9,"param_name":"dropout","param_value_internal":0.014266133748304932,"distribution":"{\"name\": \"FloatDistribution\", \"attributes\": {\"step\": null, \"low\": 0.0, \"high\": 0.3, \"log\": false}}"}
{"op_code":5,"worker_id":"3b0842aa-3287-4f03-9a25-42c688550377-139828755912512","trial_id":9,"param_name":"learning_rate","param_value_internal":0.0008100603904198557,"distribution":"{\"name\": \"FloatDistribution\", \"attributes\": {\"step\": null, \"low\": 0.0001, \"high\": 0.003, \"log\": true}}"}
{"op_code":5,"worker_id":"3b0842aa-3287-4f03-9a25-42c688550377-139828755912512","trial_id":9,"param_name":"weight_decay","param_value_internal":0.1903303086067523,"distribution":"{\"name\": \"FloatDistribution\", \"attributes\": {\"step\": null, \"low\": 0.001, \"high\": 0.2, \"log\": true}}"}
{"op_code":5,"worker_id":"3b0842aa-3287-4f03-9a25-42c688550377-139828755912512","trial_id":9,"param_name":"warmup_fraction","param_value_internal":0.09398372057973683,"distribution":"{\"name\": \"FloatDistribution\", \"attributes\": {\"step\": null, \"low\": 0.02, \"high\": 0.1, \"log\": false}}"}
{"op_code":5,"worker_id":"3b0842aa-3287-4f03-9a25-42c688550377-139828755912512","trial_id":9,"param_name":"sampling_power","param_value_internal":0.6553111299213352,"distribution":"{\"name\": \"FloatDistribution\", \"attributes\": {\"step\": null, \"low\": 0.0, \"high\": 1.0, \"log\": false}}"}
{"op_code":5,"worker_id":"3b0842aa-3287-4f03-9a25-42c688550377-139828755912512","trial_id":9,"param_name":"crop_probability","param_value_internal":0.3645688559217384,"distribution":"{\"name\": \"FloatDistribution\", \"attributes\": {\"step\": null, \"low\": 0.2, \"high\": 0.8, \"log\": false}}"}
{"op_code":5,"worker_id":"3b0842aa-3287-4f03-9a25-42c688550377-139828755912512","trial_id":9,"param_name":"cnn_width","param_value_internal":1,"distribution":"{\"name\": \"CategoricalDistribution\", \"attributes\": {\"choices\": [\"base\", \"large\", \"small\"]}}"}
{"op_code":5,"worker_id":"3b0842aa-3287-4f03-9a25-42c688550377-139828755912512","trial_id":9,"param_name":"cnn_blocks","param_value_internal":0,"distribution":"{\"name\": \"CategoricalDistribution\", \"attributes\": {\"choices\": [\"three\", \"two\"]}}"}
{"op_code":5,"worker_id":"3b0842aa-3287-4f03-9a25-42c688550377-139828755912512","trial_id":9,"param_name":"cnn_kernel","param_value_internal":3,"distribution":"{\"name\": \"CategoricalDistribution\", \"attributes\": {\"choices\": [5, 7, 9, 11]}}"}
{"op_code":8,"worker_id":"3b0842aa-3287-4f03-9a25-42c688550377-139828755912512","trial_id":9,"user_attr":{"encoder":{"embedding_dim":64,"channels":[160,256,320,384],"blocks_per_stage":3,"kernel_size":11,"dilations":[1,2,4],"output_dim":256,"dropout":0.014266133748304932}}}
{"op_code":7,"worker_id":"3b0842aa-3287-4f03-9a25-42c688550377-139828755912512","trial_id":9,"step":1,"intermediate_value":0.05575785866781338}
{"op_code":7,"worker_id":"3b0842aa-3287-4f03-9a25-42c688550377-139828755912512","trial_id":9,"step":2,"intermediate_value":0.1258592866491315}
{"op_code":9,"worker_id":"3b0842aa-3287-4f03-9a25-42c688550377-139828755912512","trial_id":9,"system_attr":{"completed_rung_0":0.1258592866491315}}
{"op_code":6,"worker_id":"3b0842aa-3287-4f03-9a25-42c688550377-139828755912512","trial_id":9,"state":2,"values":[0.1258592866491315],"datetime_complete":"2026-09-23T20:58:25.595807+00:00"}
{"op_code":4,"worker_id":"3b0842aa-3287-4f03-9a25-42c688550377-139828755912512","study_id":0,"datetime_start":"2026-09-23T20:58:25.775776+00:00"}
{"op_code":9,"worker_id":"3b0842aa-3287-4f03-9a25-42c688550377-139828755912512","trial_id":10,"system_attr":{"tpe:relative_params:0":"{\"cnn_blocks\": \"two\", \"cnn_kernel\": 9, \"cnn_width\": \"large\", \"crop_probability\": 0.42321521037806065, \"dropout\": 0.0761838375121165, \"learning_rate\": 0.0003162607209750559, \"sampling_power\": 0.15952301230125204, \"warmup_fraction\": 0.0694902318941398, \"weight_decay\": 0.007297505772484691}"}}
{"op_code":5,"worker_id":"3b0842aa-3287-4f03-9a25-42c688550377-139828755912512","trial_id":10,"param_name":"dropout","param_value_internal":0.0761838375121165,"distribution":"{\"name\": \"FloatDistribution\", \"attributes\": {\"step\": null, \"low\": 0.0, \"high\": 0.3, \"log\": false}}"}
{"op_code":5,"worker_id":"3b0842aa-3287-4f03-9a25-42c688550377-139828755912512","trial_id":10,"param_name":"learning_rate","param_value_internal":0.0003162607209750559,"distribution":"{\"name\": \"FloatDistribution\", \"attributes\": {\"step\": null, \"low\": 0.0001, \"high\": 0.003, \"log\": true}}"}
{"op_code":5,"worker_id":"3b0842aa-3287-4f03-9a25-42c688550377-139828755912512","trial_id":10,"param_name":"weight_decay","param_value_internal":0.007297505772484691,"distribution":"{\"name\": \"FloatDistribution\", \"attributes\": {\"step\": null, \"low\": 0.001, \"high\": 0.2, \"log\": true}}"}
{"op_code":5,"worker_id":"3b0842aa-3287-4f03-9a25-42c688550377-139828755912512","trial_id":10,"param_name":"warmup_fraction","param_value_internal":0.0694902318941398,"distribution":"{\"name\": \"FloatDistribution\", \"attributes\": {\"step\": null, \"low\": 0.02, \"high\": 0.1, \"log\": false}}"}
{"op_code":5,"worker_id":"3b0842aa-3287-4f03-9a25-42c688550377-139828755912512","trial_id":10,"param_name":"sampling_power","param_value_internal":0.15952301230125204,"distribution":"{\"name\": \"FloatDistribution\", \"attributes\": {\"step\": null, \"low\": 0.0, \"high\": 1.0, \"log\": false}}"}
{"op_code":5,"worker_id":"3b0842aa-3287-4f03-9a25-42c688550377-139828755912512","trial_id":10,"param_name":"crop_probability","param_value_internal":0.42321521037806065,"distribution":"{\"name\": \"FloatDistribution\", \"attributes\": {\"step\": null, \"low\": 0.2, \"high\": 0.8, \"log\": false}}"}
{"op_code":5,"worker_id":"3b0842aa-3287-4f03-9a25-42c688550377-139828755912512","trial_id":10,"param_name":"cnn_width","param_value_internal":1,"distribution":"{\"name\": \"CategoricalDistribution\", \"attributes\": {\"choices\": [\"base\", \"large\", \"small\"]}}"}
{"op_code":5,"worker_id":"3b0842aa-3287-4f03-9a25-42c688550377-139828755912512","trial_id":10,"param_name":"cnn_blocks","param_value_internal":1,"distribution":"{\"name\": \"CategoricalDistribution\", \"attributes\": {\"choices\": [\"three\", \"two\"]}}"}
{"op_code":5,"worker_id":"3b0842aa-3287-4f03-9a25-42c688550377-139828755912512","trial_id":10,"param_name":"cnn_kernel","param_value_internal":2,"distribution":"{\"name\": \"CategoricalDistribution\", \"attributes\": {\"choices\": [5, 7, 9, 11]}}"}
{"op_code":8,"worker_id":"3b0842aa-3287-4f03-9a25-42c688550377-139828755912512","trial_id":10,"user_attr":{"encoder":{"embedding_dim":64,"channels":[160,256,320,384],"blocks_per_stage":2,"kernel_size":9,"dilations":[1,2],"output_dim":256,"dropout":0.0761838375121165}}}
{"op_code":7,"worker_id":"3b0842aa-3287-4f03-9a25-42c688550377-139828755912512","trial_id":10,"step":1,"intermediate_value":0.23350917542143138}
{"op_code":7,"worker_id":"3b0842aa-3287-4f03-9a25-42c688550377-139828755912512","trial_id":10,"step":2,"intermediate_value":0.3362753110173495}
{"op_code":7,"worker_id":"3b0842aa-3287-4f03-9a25-42c688550377-139828755912512","trial_id":10,"step":3,"intermediate_value":0.40893701585187003}
{"op_code":7,"worker_id":"3b0842aa-3287-4f03-9a25-42c688550377-139828755912512","trial_id":10,"step":4,"intermediate_value":0.46162248656495564}
{"op_code":7,"worker_id":"3b0842aa-3287-4f03-9a25-42c688550377-139828755912512","trial_id":10,"step":5,"intermediate_value":0.4918777251009453}
{"op_code":7,"worker_id":"3b0842aa-3287-4f03-9a25-42c688550377-139828755912512","trial_id":10,"step":6,"intermediate_value":0.49554643352431194}
{"op_code":9,"worker_id":"3b0842aa-3287-4f03-9a25-42c688550377-139828755912512","trial_id":10,"system_attr":{"completed_rung_0":0.49554643352431194}}
{"op_code":6,"worker_id":"3b0842aa-3287-4f03-9a25-42c688550377-139828755912512","trial_id":10,"state":1,"values":[0.49554643352431194],"datetime_complete":"2026-09-23T21:38:31.415086+00:00"}
{"op_code":4,"worker_id":"3b0842aa-3287-4f03-9a25-42c688550377-139828755912512","study_id":0,"datetime_start":"2026-09-23T21:38:31.570970+00:00"}
{"op_code":9,"worker_id":"3b0842aa-3287-4f03-9a25-42c688550377-139828755912512","trial_id":11,"system_attr":{"tpe:relative_params:0":"{\"cnn_blocks\": \"two\", \"cnn_kernel\": 5, \"cnn_width\": \"base\", \"crop_probability\": 0.3330919435239104, \"dropout\": 0.0017062304301136942, \"learning_rate\": 0.00045576484524347346, \"sampling_power\": 0.36156987702907156, \"warmup_fraction\": 0.040191802598240976, \"weight_decay\": 0.027469484578866523}"}}
{"op_code":5,"worker_id":"3b0842aa-3287-4f03-9a25-42c688550377-139828755912512","trial_id":11,"param_name":"dropout","param_value_internal":0.0017062304301136942,"distribution":"{\"name\": \"FloatDistribution\", \"attributes\": {\"step\": null, \"low\": 0.0, \"high\": 0.3, \"log\": false}}"}
{"op_code":5,"worker_id":"3b0842aa-3287-4f03-9a25-42c688550377-139828755912512","trial_id":11,"param_name":"learning_rate","param_value_internal":0.00045576484524347346,"distribution":"{\"name\": \"FloatDistribution\", \"attributes\": {\"step\": null, \"low\": 0.0001, \"high\": 0.003, \"log\": true}}"}
{"op_code":5,"worker_id":"3b0842aa-3287-4f03-9a25-42c688550377-139828755912512","trial_id":11,"param_name":"weight_decay","param_value_internal":0.027469484578866523,"distribution":"{\"name\": \"FloatDistribution\", \"attributes\": {\"step\": null, \"low\": 0.001, \"high\": 0.2, \"log\": true}}"}
{"op_code":5,"worker_id":"3b0842aa-3287-4f03-9a25-42c688550377-139828755912512","trial_id":11,"param_name":"warmup_fraction","param_value_internal":0.040191802598240976,"distribution":"{\"name\": \"FloatDistribution\", \"attributes\": {\"step\": null, \"low\": 0.02, \"high\": 0.1, \"log\": false}}"}
{"op_code":5,"worker_id":"3b0842aa-3287-4f03-9a25-42c688550377-139828755912512","trial_id":11,"param_name":"sampling_power","param_value_internal":0.36156987702907156,"distribution":"{\"name\": \"FloatDistribution\", \"attributes\": {\"step\": null, \"low\": 0.0, \"high\": 1.0, \"log\": false}}"}
{"op_code":5,"worker_id":"3b0842aa-3287-4f03-9a25-42c688550377-139828755912512","trial_id":11,"param_name":"crop_probability","param_value_internal":0.3330919435239104,"distribution":"{\"name\": \"FloatDistribution\", \"attributes\": {\"step\": null, \"low\": 0.2, \"high\": 0.8, \"log\": false}}"}
{"op_code":5,"worker_id":"3b0842aa-3287-4f03-9a25-42c688550377-139828755912512","trial_id":11,"param_name":"cnn_width","param_value_internal":0,"distribution":"{\"name\": \"CategoricalDistribution\", \"attributes\": {\"choices\": [\"base\", \"large\", \"small\"]}}"}
{"op_code":5,"worker_id":"3b0842aa-3287-4f03-9a25-42c688550377-139828755912512","trial_id":11,"param_name":"cnn_blocks","param_value_internal":1,"distribution":"{\"name\": \"CategoricalDistribution\", \"attributes\": {\"choices\": [\"three\", \"two\"]}}"}
{"op_code":5,"worker_id":"3b0842aa-3287-4f03-9a25-42c688550377-139828755912512","trial_id":11,"param_name":"cnn_kernel","param_value_internal":0,"distribution":"{\"name\": \"CategoricalDistribution\", \"attributes\": {\"choices\": [5, 7, 9, 11]}}"}
{"op_code":8,"worker_id":"3b0842aa-3287-4f03-9a25-42c688550377-139828755912512","trial_id":11,"user_attr":{"encoder":{"embedding_dim":64,"channels":[128,192,256,320],"blocks_per_stage":2,"kernel_size":5,"dilations":[1,2],"output_dim":256,"dropout":0.0017062304301136942}}}
{"op_code":7,"worker_id":"3b0842aa-3287-4f03-9a25-42c688550377-139828755912512","trial_id":11,"step":1,"intermediate_value":0.20913661044312074}
{"op_code":7,"worker_id":"3b0842aa-3287-4f03-9a25-42c688550377-139828755912512","trial_id":11,"step":2,"intermediate_value":0.3337061729534449}
{"op_code":7,"worker_id":"3b0842aa-3287-4f03-9a25-42c688550377-139828755912512","trial_id":11,"step":3,"intermediate_value":0.4413011110732141}
{"op_code":7,"worker_id":"3b0842aa-3287-4f03-9a25-42c688550377-139828755912512","trial_id":11,"step":4,"intermediate_value":0.49257976705827644}
{"op_code":7,"worker_id":"3b0842aa-3287-4f03-9a25-42c688550377-139828755912512","trial_id":11,"step":5,"intermediate_value":0.5247821869824691}
{"op_code":7,"worker_id":"3b0842aa-3287-4f03-9a25-42c688550377-139828755912512","trial_id":11,"step":6,"intermediate_value":0.5318999684117345}
{"op_code":9,"worker_id":"3b0842aa-3287-4f03-9a25-42c688550377-139828755912512","trial_id":11,"system_attr":{"completed_rung_0":0.5318999684117345}}
{"op_code":6,"worker_id":"3b0842aa-3287-4f03-9a25-42c688550377-139828755912512","trial_id":11,"state":1,"values":[0.5318999684117345],"datetime_complete":"2026-09-23T22:04:52.747447+00:00"}
{"op_code":4,"worker_id":"3b0842aa-3287-4f03-9a25-42c688550377-139828755912512","study_id":0,"datetime_start":"2026-09-23T22:04:52.901252+00:00"}
{"op_code":9,"worker_id":"3b0842aa-3287-4f03-9a25-42c688550377-139828755912512","trial_id":12,"system_attr":{"tpe:relative_params:0":"{\"cnn_blocks\": \"two\", \"cnn_kernel\": 5, \"cnn_width\": \"base\", \"crop_probability\": 0.21075665296050294, \"dropout\": 0.04939432528895943, \"learning_rate\": 0.0008181673254533757, \"sampling_power\": 0.25791613685487813, \"warmup_fraction\": 0.020518582431743756, \"weight_decay\": 0.0622781226114446}"}}
{"op_code":5,"worker_id":"3b0842aa-3287-4f03-9a25-42c688550377-139828755912512","trial_id":12,"param_name":"dropout","param_value_internal":0.04939432528895943,"distribution":"{\"name\": \"FloatDistribution\", \"attributes\": {\"step\": null, \"low\": 0.0, \"high\": 0.3, \"log\": false}}"}
{"op_code":5,"worker_id":"3b0842aa-3287-4f03-9a25-42c688550377-139828755912512","trial_id":12,"param_name":"learning_rate","param_value_internal":0.0008181673254533757,"distribution":"{\"name\": \"FloatDistribution\", \"attributes\": {\"step\": null, \"low\": 0.0001, \"high\": 0.003, \"log\": true}}"}
{"op_code":5,"worker_id":"3b0842aa-3287-4f03-9a25-42c688550377-139828755912512","trial_id":12,"param_name":"weight_decay","param_value_internal":0.0622781226114446,"distribution":"{\"name\": \"FloatDistribution\", \"attributes\": {\"step\": null, \"low\": 0.001, \"high\": 0.2, \"log\": true}}"}
{"op_code":5,"worker_id":"3b0842aa-3287-4f03-9a25-42c688550377-139828755912512","trial_id":12,"param_name":"warmup_fraction","param_value_internal":0.020518582431743756,"distribution":"{\"name\": \"FloatDistribution\", \"attributes\": {\"step\": null, \"low\": 0.02, \"high\": 0.1, \"log\": false}}"}
{"op_code":5,"worker_id":"3b0842aa-3287-4f03-9a25-42c688550377-139828755912512","trial_id":12,"param_name":"sampling_power","param_value_internal":0.25791613685487813,"distribution":"{\"name\": \"FloatDistribution\", \"attributes\": {\"step\": null, \"low\": 0.0, \"high\": 1.0, \"log\": false}}"}
{"op_code":5,"worker_id":"3b0842aa-3287-4f03-9a25-42c688550377-139828755912512","trial_id":12,"param_name":"crop_probability","param_value_internal":0.21075665296050294,"distribution":"{\"name\": \"FloatDistribution\", \"attributes\": {\"step\": null, \"low\": 0.2, \"high\": 0.8, \"log\": false}}"}
{"op_code":5,"worker_id":"3b0842aa-3287-4f03-9a25-42c688550377-139828755912512","trial_id":12,"param_name":"cnn_width","param_value_internal":0,"distribution":"{\"name\": \"CategoricalDistribution\", \"attributes\": {\"choices\": [\"base\", \"large\", \"small\"]}}"}
{"op_code":5,"worker_id":"3b0842aa-3287-4f03-9a25-42c688550377-139828755912512","trial_id":12,"param_name":"cnn_blocks","param_value_internal":1,"distribution":"{\"name\": \"CategoricalDistribution\", \"attributes\": {\"choices\": [\"three\", \"two\"]}}"}
{"op_code":5,"worker_id":"3b0842aa-3287-4f03-9a25-42c688550377-139828755912512","trial_id":12,"param_name":"cnn_kernel","param_value_internal":0,"distribution":"{\"name\": \"CategoricalDistribution\", \"attributes\": {\"choices\": [5, 7, 9, 11]}}"}
{"op_code":8,"worker_id":"3b0842aa-3287-4f03-9a25-42c688550377-139828755912512","trial_id":12,"user_attr":{"encoder":{"embedding_dim":64,"channels":[128,192,256,320],"blocks_per_stage":2,"kernel_size":5,"dilations":[1,2],"output_dim":256,"dropout":0.04939432528895943}}}
{"op_code":7,"worker_id":"3b0842aa-3287-4f03-9a25-42c688550377-139828755912512","trial_id":12,"step":1,"intermediate_value":0.2825568683522807}
{"op_code":7,"worker_id":"3b0842aa-3287-4f03-9a25-42c688550377-139828755912512","trial_id":12,"step":2,"intermediate_value":0.40245707440050843}
{"op_code":7,"worker_id":"3b0842aa-3287-4f03-9a25-42c688550377-139828755912512","trial_id":12,"step":3,"intermediate_value":0.4958152235822787}
{"op_code":7,"worker_id":"3b0842aa-3287-4f03-9a25-42c688550377-139828755912512","trial_id":12,"step":4,"intermediate_value":0.5569059706280403}
{"op_code":7,"worker_id":"3b0842aa-3287-4f03-9a25-42c688550377-139828755912512","trial_id":12,"step":5,"intermediate_value":0.5955414065984922}
{"op_code":7,"worker_id":"3b0842aa-3287-4f03-9a25-42c688550377-139828755912512","trial_id":12,"step":6,"intermediate_value":0.6053725576218338}
{"op_code":9,"worker_id":"3b0842aa-3287-4f03-9a25-42c688550377-139828755912512","trial_id":12,"system_attr":{"completed_rung_0":0.6053725576218338}}
{"op_code":6,"worker_id":"3b0842aa-3287-4f03-9a25-42c688550377-139828755912512","trial_id":12,"state":1,"values":[0.6053725576218338],"datetime_complete":"2026-09-23T22:31:24.397300+00:00"}
{"op_code":4,"worker_id":"3b0842aa-3287-4f03-9a25-42c688550377-139828755912512","study_id":0,"datetime_start":"2026-09-23T22:31:24.554425+00:00"}
{"op_code":9,"worker_id":"3b0842aa-3287-4f03-9a25-42c688550377-139828755912512","trial_id":13,"system_attr":{"tpe:relative_params:0":"{\"cnn_blocks\": \"two\", \"cnn_kernel\": 9, \"cnn_width\": \"base\", \"crop_probability\": 0.25807278568315384, \"dropout\": 0.004914895139775836, \"learning_rate\": 0.0005850207499185269, \"sampling_power\": 0.5332833297003512, \"warmup_fraction\": 0.024422404870007908, \"weight_decay\": 0.021301848585776283}"}}
{"op_code":5,"worker_id":"3b0842aa-3287-4f03-9a25-42c688550377-139828755912512","trial_id":13,"param_name":"dropout","param_value_internal":0.004914895139775836,"distribution":"{\"name\": \"FloatDistribution\", \"attributes\": {\"step\": null, \"low\": 0.0, \"high\": 0.3, \"log\": false}}"}
{"op_code":5,"worker_id":"3b0842aa-3287-4f03-9a25-42c688550377-139828755912512","trial_id":13,"param_name":"learning_rate","param_value_internal":0.0005850207499185269,"distribution":"{\"name\": \"FloatDistribution\", \"attributes\": {\"step\": null, \"low\": 0.0001, \"high\": 0.003, \"log\": true}}"}
{"op_code":5,"worker_id":"3b0842aa-3287-4f03-9a25-42c688550377-139828755912512","trial_id":13,"param_name":"weight_decay","param_value_internal":0.021301848585776283,"distribution":"{\"name\": \"FloatDistribution\", \"attributes\": {\"step\": null, \"low\": 0.001, \"high\": 0.2, \"log\": true}}"}
{"op_code":5,"worker_id":"3b0842aa-3287-4f03-9a25-42c688550377-139828755912512","trial_id":13,"param_name":"warmup_fraction","param_value_internal":0.024422404870007908,"distribution":"{\"name\": \"FloatDistribution\", \"attributes\": {\"step\": null, \"low\": 0.02, \"high\": 0.1, \"log\": false}}"}
{"op_code":5,"worker_id":"3b0842aa-3287-4f03-9a25-42c688550377-139828755912512","trial_id":13,"param_name":"sampling_power","param_value_internal":0.5332833297003512,"distribution":"{\"name\": \"FloatDistribution\", \"attributes\": {\"step\": null, \"low\": 0.0, \"high\": 1.0, \"log\": false}}"}
{"op_code":5,"worker_id":"3b0842aa-3287-4f03-9a25-42c688550377-139828755912512","trial_id":13,"param_name":"crop_probability","param_value_internal":0.25807278568315384,"distribution":"{\"name\": \"FloatDistribution\", \"attributes\": {\"step\": null, \"low\": 0.2, \"high\": 0.8, \"log\": false}}"}
{"op_code":5,"worker_id":"3b0842aa-3287-4f03-9a25-42c688550377-139828755912512","trial_id":13,"param_name":"cnn_width","param_value_internal":0,"distribution":"{\"name\": \"CategoricalDistribution\", \"attributes\": {\"choices\": [\"base\", \"large\", \"small\"]}}"}
{"op_code":5,"worker_id":"3b0842aa-3287-4f03-9a25-42c688550377-139828755912512","trial_id":13,"param_name":"cnn_blocks","param_value_internal":1,"distribution":"{\"name\": \"CategoricalDistribution\", \"attributes\": {\"choices\": [\"three\", \"two\"]}}"}
{"op_code":5,"worker_id":"3b0842aa-3287-4f03-9a25-42c688550377-139828755912512","trial_id":13,"param_name":"cnn_kernel","param_value_internal":2,"distribution":"{\"name\": \"CategoricalDistribution\", \"attributes\": {\"choices\": [5, 7, 9, 11]}}"}
{"op_code":8,"worker_id":"3b0842aa-3287-4f03-9a25-42c688550377-139828755912512","trial_id":13,"user_attr":{"encoder":{"embedding_dim":64,"channels":[128,192,256,320],"blocks_per_stage":2,"kernel_size":9,"dilations":[1,2],"output_dim":256,"dropout":0.004914895139775836}}}
{"op_code":7,"worker_id":"3b0842aa-3287-4f03-9a25-42c688550377-139828755912512","trial_id":13,"step":1,"intermediate_value":0.16646519951768263}
{"op_code":7,"worker_id":"3b0842aa-3287-4f03-9a25-42c688550377-139828755912512","trial_id":13,"step":2,"intermediate_value":0.29998018209732263}
{"op_code":7,"worker_id":"3b0842aa-3287-4f03-9a25-42c688550377-139828755912512","trial_id":13,"step":3,"intermediate_value":0.386817093242006}
{"op_code":7,"worker_id":"3b0842aa-3287-4f03-9a25-42c688550377-139828755912512","trial_id":13,"step":4,"intermediate_value":0.48246600471750795}
{"op_code":7,"worker_id":"3b0842aa-3287-4f03-9a25-42c688550377-139828755912512","trial_id":13,"step":5,"intermediate_value":0.5199912814603632}
{"op_code":7,"worker_id":"3b0842aa-3287-4f03-9a25-42c688550377-139828755912512","trial_id":13,"step":6,"intermediate_value":0.5331720258600223}
{"op_code":9,"worker_id":"3b0842aa-3287-4f03-9a25-42c688550377-139828755912512","trial_id":13,"system_attr":{"completed_rung_0":0.5331720258600223}}
{"op_code":6,"worker_id":"3b0842aa-3287-4f03-9a25-42c688550377-139828755912512","trial_id":13,"state":1,"values":[0.5331720258600223],"datetime_complete":"2026-09-23T23:01:36.281415+00:00"}
{"op_code":4,"worker_id":"3b0842aa-3287-4f03-9a25-42c688550377-139828755912512","study_id":0,"datetime_start":"2026-09-23T23:01:36.436826+00:00"}
{"op_code":9,"worker_id":"3b0842aa-3287-4f03-9a25-42c688550377-139828755912512","trial_id":14,"system_attr":{"tpe:relative_params:0":"{\"cnn_blocks\": \"two\", \"cnn_kernel\": 9, \"cnn_width\": \"base\", \"crop_probability\": 0.33354512884842613, \"dropout\": 0.044419217375487964, \"learning_rate\": 0.000998276180961553, \"sampling_power\": 0.31186158832169625, \"warmup_fraction\": 0.032926212625004676, \"weight_decay\": 0.07809808202824083}"}}
{"op_code":5,"worker_id":"3b0842aa-3287-4f03-9a25-42c688550377-139828755912512","trial_id":14,"param_name":"dropout","param_value_internal":0.044419217375487964,"distribution":"{\"name\": \"FloatDistribution\", \"attributes\": {\"step\": null, \"low\": 0.0, \"high\": 0.3, \"log\": false}}"}
{"op_code":5,"worker_id":"3b0842aa-3287-4f03-9a25-42c688550377-139828755912512","trial_id":14,"param_name":"learning_rate","param_value_internal":0.000998276180961553,"distribution":"{\"name\": \"FloatDistribution\", \"attributes\": {\"step\": null, \"low\": 0.0001, \"high\": 0.003, \"log\": true}}"}
{"op_code":5,"worker_id":"3b0842aa-3287-4f03-9a25-42c688550377-139828755912512","trial_id":14,"param_name":"weight_decay","param_value_internal":0.07809808202824083,"distribution":"{\"name\": \"FloatDistribution\", \"attributes\": {\"step\": null, \"low\": 0.001, \"high\": 0.2, \"log\": true}}"}
{"op_code":5,"worker_id":"3b0842aa-3287-4f03-9a25-42c688550377-139828755912512","trial_id":14,"param_name":"warmup_fraction","param_value_internal":0.032926212625004676,"distribution":"{\"name\": \"FloatDistribution\", \"attributes\": {\"step\": null, \"low\": 0.02, \"high\": 0.1, \"log\": false}}"}
{"op_code":5,"worker_id":"3b0842aa-3287-4f03-9a25-42c688550377-139828755912512","trial_id":14,"param_name":"sampling_power","param_value_internal":0.31186158832169625,"distribution":"{\"name\": \"FloatDistribution\", \"attributes\": {\"step\": null, \"low\": 0.0, \"high\": 1.0, \"log\": false}}"}
{"op_code":5,"worker_id":"3b0842aa-3287-4f03-9a25-42c688550377-139828755912512","trial_id":14,"param_name":"crop_probability","param_value_internal":0.33354512884842613,"distribution":"{\"name\": \"FloatDistribution\", \"attributes\": {\"step\": null, \"low\": 0.2, \"high\": 0.8, \"log\": false}}"}
{"op_code":5,"worker_id":"3b0842aa-3287-4f03-9a25-42c688550377-139828755912512","trial_id":14,"param_name":"cnn_width","param_value_internal":0,"distribution":"{\"name\": \"CategoricalDistribution\", \"attributes\": {\"choices\": [\"base\", \"large\", \"small\"]}}"}
{"op_code":5,"worker_id":"3b0842aa-3287-4f03-9a25-42c688550377-139828755912512","trial_id":14,"param_name":"cnn_blocks","param_value_internal":1,"distribution":"{\"name\": \"CategoricalDistribution\", \"attributes\": {\"choices\": [\"three\", \"two\"]}}"}
{"op_code":5,"worker_id":"3b0842aa-3287-4f03-9a25-42c688550377-139828755912512","trial_id":14,"param_name":"cnn_kernel","param_value_internal":2,"distribution":"{\"name\": \"CategoricalDistribution\", \"attributes\": {\"choices\": [5, 7, 9, 11]}}"}
{"op_code":8,"worker_id":"3b0842aa-3287-4f03-9a25-42c688550377-139828755912512","trial_id":14,"user_attr":{"encoder":{"embedding_dim":64,"channels":[128,192,256,320],"blocks_per_stage":2,"kernel_size":9,"dilations":[1,2],"output_dim":256,"dropout":0.044419217375487964}}}
{"op_code":7,"worker_id":"3b0842aa-3287-4f03-9a25-42c688550377-139828755912512","trial_id":14,"step":1,"intermediate_value":0.17231214957812835}
{"op_code":7,"worker_id":"3b0842aa-3287-4f03-9a25-42c688550377-139828755912512","trial_id":14,"step":2,"intermediate_value":0.2987787356802278}
{"op_code":9,"worker_id":"3b0842aa-3287-4f03-9a25-42c688550377-139828755912512","trial_id":14,"system_attr":{"completed_rung_0":0.2987787356802278}}
{"op_code":7,"worker_id":"3b0842aa-3287-4f03-9a25-42c688550377-139828755912512","trial_id":14,"step":3,"intermediate_value":0.3935780298151318}
{"op_code":7,"worker_id":"3b0842aa-3287-4f03-9a25-42c688550377-139828755912512","trial_id":14,"step":4,"intermediate_value":0.4592284549414681}
{"op_code":7,"worker_id":"3b0842aa-3287-4f03-9a25-42c688550377-139828755912512","trial_id":14,"step":5,"intermediate_value":0.5084913248189916}
{"op_code":7,"worker_id":"3b0842aa-3287-4f03-9a25-42c688550377-139828755912512","trial_id":14,"step":6,"intermediate_value":0.5138570944190423}
{"op_code":9,"worker_id":"3b0842aa-3287-4f03-9a25-42c688550377-139828755912512","trial_id":14,"system_attr":{"completed_rung_1":0.5138570944190423}}
{"op_code":6,"worker_id":"3b0842aa-3287-4f03-9a25-42c688550377-139828755912512","trial_id":14,"state":2,"values":[0.5138570944190423],"datetime_complete":"2026-09-23T23:31:35.785176+00:00"}
{"op_code":4,"worker_id":"3b0842aa-3287-4f03-9a25-42c688550377-139828755912512","study_id":0,"datetime_start":"2026-09-23T23:31:35.925372+00:00"}
{"op_code":9,"worker_id":"3b0842aa-3287-4f03-9a25-42c688550377-139828755912512","trial_id":15,"system_attr":{"tpe:relative_params:0":"{\"cnn_blocks\": \"three\", \"cnn_kernel\": 5, \"cnn_width\": \"base\", \"crop_probability\": 0.21193631230190937, \"dropout\": 0.020237554778669467, \"learning_rate\": 0.002112910117409617, \"sampling_power\": 0.32378943382608677, \"warmup_fraction\": 0.03279791033034725, \"weight_decay\": 0.16826512400257432}"}}
{"op_code":5,"worker_id":"3b0842aa-3287-4f03-9a25-42c688550377-139828755912512","trial_id":15,"param_name":"dropout","param_value_internal":0.020237554778669467,"distribution":"{\"name\": \"FloatDistribution\", \"attributes\": {\"step\": null, \"low\": 0.0, \"high\": 0.3, \"log\": false}}"}
{"op_code":5,"worker_id":"3b0842aa-3287-4f03-9a25-42c688550377-139828755912512","trial_id":15,"param_name":"learning_rate","param_value_internal":0.002112910117409617,"distribution":"{\"name\": \"FloatDistribution\", \"attributes\": {\"step\": null, \"low\": 0.0001, \"high\": 0.003, \"log\": true}}"}
{"op_code":5,"worker_id":"3b0842aa-3287-4f03-9a25-42c688550377-139828755912512","trial_id":15,"param_name":"weight_decay","param_value_internal":0.16826512400257432,"distribution":"{\"name\": \"FloatDistribution\", \"attributes\": {\"step\": null, \"low\": 0.001, \"high\": 0.2, \"log\": true}}"}
{"op_code":5,"worker_id":"3b0842aa-3287-4f03-9a25-42c688550377-139828755912512","trial_id":15,"param_name":"warmup_fraction","param_value_internal":0.03279791033034725,"distribution":"{\"name\": \"FloatDistribution\", \"attributes\": {\"step\": null, \"low\": 0.02, \"high\": 0.1, \"log\": false}}"}
{"op_code":5,"worker_id":"3b0842aa-3287-4f03-9a25-42c688550377-139828755912512","trial_id":15,"param_name":"sampling_power","param_value_internal":0.32378943382608677,"distribution":"{\"name\": \"FloatDistribution\", \"attributes\": {\"step\": null, \"low\": 0.0, \"high\": 1.0, \"log\": false}}"}
{"op_code":5,"worker_id":"3b0842aa-3287-4f03-9a25-42c688550377-139828755912512","trial_id":15,"param_name":"crop_probability","param_value_internal":0.21193631230190937,"distribution":"{\"name\": \"FloatDistribution\", \"attributes\": {\"step\": null, \"low\": 0.2, \"high\": 0.8, \"log\": false}}"}
{"op_code":5,"worker_id":"3b0842aa-3287-4f03-9a25-42c688550377-139828755912512","trial_id":15,"param_name":"cnn_width","param_value_internal":0,"distribution":"{\"name\": \"CategoricalDistribution\", \"attributes\": {\"choices\": [\"base\", \"large\", \"small\"]}}"}
{"op_code":5,"worker_id":"3b0842aa-3287-4f03-9a25-42c688550377-139828755912512","trial_id":15,"param_name":"cnn_blocks","param_value_internal":0,"distribution":"{\"name\": \"CategoricalDistribution\", \"attributes\": {\"choices\": [\"three\", \"two\"]}}"}
{"op_code":5,"worker_id":"3b0842aa-3287-4f03-9a25-42c688550377-139828755912512","trial_id":15,"param_name":"cnn_kernel","param_value_internal":0,"distribution":"{\"name\": \"CategoricalDistribution\", \"attributes\": {\"choices\": [5, 7, 9, 11]}}"}
{"op_code":8,"worker_id":"3b0842aa-3287-4f03-9a25-42c688550377-139828755912512","trial_id":15,"user_attr":{"encoder":{"embedding_dim":64,"channels":[128,192,256,320],"blocks_per_stage":3,"kernel_size":5,"dilations":[1,2,4],"output_dim":256,"dropout":0.020237554778669467}}}
{"op_code":7,"worker_id":"3b0842aa-3287-4f03-9a25-42c688550377-139828755912512","trial_id":15,"step":1,"intermediate_value":0.1249498700690149}
{"op_code":7,"worker_id":"3b0842aa-3287-4f03-9a25-42c688550377-139828755912512","trial_id":15,"step":2,"intermediate_value":0.2759972874663692}
{"op_code":9,"worker_id":"3b0842aa-3287-4f03-9a25-42c688550377-139828755912512","trial_id":15,"system_attr":{"completed_rung_0":0.2759972874663692}}
{"op_code":6,"worker_id":"3b0842aa-3287-4f03-9a25-42c688550377-139828755912512","trial_id":15,"state":2,"values":[0.2759972874663692],"datetime_complete":"2026-09-23T23:44:06.099213+00:00"}
{"op_code":4,"worker_id":"3b0842aa-3287-4f03-9a25-42c688550377-139828755912512","study_id":0,"datetime_start":"2026-09-23T23:44:06.239133+00:00"}
{"op_code":9,"worker_id":"3b0842aa-3287-4f03-9a25-42c688550377-139828755912512","trial_id":16,"system_attr":{"tpe:relative_params:0":"{\"cnn_blocks\": \"two\", \"cnn_kernel\": 9, \"cnn_width\": \"base\", \"crop_probability\": 0.3421727094166656, \"dropout\": 0.09897492460998485, \"learning_rate\": 0.00031876518874483166, \"sampling_power\": 0.13054617940970764, \"warmup_fraction\": 0.0207454437962263, \"weight_decay\": 0.026067240447336097}"}}
{"op_code":5,"worker_id":"3b0842aa-3287-4f03-9a25-42c688550377-139828755912512","trial_id":16,"param_name":"dropout","param_value_internal":0.09897492460998485,"distribution":"{\"name\": \"FloatDistribution\", \"attributes\": {\"step\": null, \"low\": 0.0, \"high\": 0.3, \"log\": false}}"}
{"op_code":5,"worker_id":"3b0842aa-3287-4f03-9a25-42c688550377-139828755912512","trial_id":16,"param_name":"learning_rate","param_value_internal":0.00031876518874483166,"distribution":"{\"name\": \"FloatDistribution\", \"attributes\": {\"step\": null, \"low\": 0.0001, \"high\": 0.003, \"log\": true}}"}
{"op_code":5,"worker_id":"3b0842aa-3287-4f03-9a25-42c688550377-139828755912512","trial_id":16,"param_name":"weight_decay","param_value_internal":0.026067240447336097,"distribution":"{\"name\": \"FloatDistribution\", \"attributes\": {\"step\": null, \"low\": 0.001, \"high\": 0.2, \"log\": true}}"}
{"op_code":5,"worker_id":"3b0842aa-3287-4f03-9a25-42c688550377-139828755912512","trial_id":16,"param_name":"warmup_fraction","param_value_internal":0.0207454437962263,"distribution":"{\"name\": \"FloatDistribution\", \"attributes\": {\"step\": null, \"low\": 0.02, \"high\": 0.1, \"log\": false}}"}
{"op_code":5,"worker_id":"3b0842aa-3287-4f03-9a25-42c688550377-139828755912512","trial_id":16,"param_name":"sampling_power","param_value_internal":0.13054617940970764,"distribution":"{\"name\": \"FloatDistribution\", \"attributes\": {\"step\": null, \"low\": 0.0, \"high\": 1.0, \"log\": false}}"}
{"op_code":5,"worker_id":"3b0842aa-3287-4f03-9a25-42c688550377-139828755912512","trial_id":16,"param_name":"crop_probability","param_value_internal":0.3421727094166656,"distribution":"{\"name\": \"FloatDistribution\", \"attributes\": {\"step\": null, \"low\": 0.2, \"high\": 0.8, \"log\": false}}"}
{"op_code":5,"worker_id":"3b0842aa-3287-4f03-9a25-42c688550377-139828755912512","trial_id":16,"param_name":"cnn_width","param_value_internal":0,"distribution":"{\"name\": \"CategoricalDistribution\", \"attributes\": {\"choices\": [\"base\", \"large\", \"small\"]}}"}
{"op_code":5,"worker_id":"3b0842aa-3287-4f03-9a25-42c688550377-139828755912512","trial_id":16,"param_name":"cnn_blocks","param_value_internal":1,"distribution":"{\"name\": \"CategoricalDistribution\", \"attributes\": {\"choices\": [\"three\", \"two\"]}}"}
{"op_code":5,"worker_id":"3b0842aa-3287-4f03-9a25-42c688550377-139828755912512","trial_id":16,"param_name":"cnn_kernel","param_value_internal":2,"distribution":"{\"name\": \"CategoricalDistribution\", \"attributes\": {\"choices\": [5, 7, 9, 11]}}"}
{"op_code":8,"worker_id":"3b0842aa-3287-4f03-9a25-42c688550377-139828755912512","trial_id":16,"user_attr":{"encoder":{"embedding_dim":64,"channels":[128,192,256,320],"blocks_per_stage":2,"kernel_size":9,"dilations":[1,2],"output_dim":256,"dropout":0.09897492460998485}}}
{"op_code":7,"worker_id":"3b0842aa-3287-4f03-9a25-42c688550377-139828755912512","trial_id":16,"step":1,"intermediate_value":0.2464285977017029}
{"op_code":7,"worker_id":"3b0842aa-3287-4f03-9a25-42c688550377-139828755912512","trial_id":16,"step":2,"intermediate_value":0.36402879012930234}
{"op_code":9,"worker_id":"3b0842aa-3287-4f03-9a25-42c688550377-139828755912512","trial_id":16,"system_attr":{"completed_rung_0":0.36402879012930234}}
{"op_code":7,"worker_id":"3b0842aa-3287-4f03-9a25-42c688550377-139828755912512","trial_id":16,"step":3,"intermediate_value":0.4287001908002576}
{"op_code":7,"worker_id":"3b0842aa-3287-4f03-9a25-42c688550377-139828755912512","trial_id":16,"step":4,"intermediate_value":0.4680210051934497}
{"op_code":7,"worker_id":"3b0842aa-3287-4f03-9a25-42c688550377-139828755912512","trial_id":16,"step":5,"intermediate_value":0.49545336294649633}
{"op_code":7,"worker_id":"3b0842aa-3287-4f03-9a25-42c688550377-139828755912512","trial_id":16,"step":6,"intermediate_value":0.4984473375461424}
{"op_code":9,"worker_id":"3b0842aa-3287-4f03-9a25-42c688550377-139828755912512","trial_id":16,"system_attr":{"completed_rung_1":0.4984473375461424}}
{"op_code":6,"worker_id":"3b0842aa-3287-4f03-9a25-42c688550377-139828755912512","trial_id":16,"state":2,"values":[0.4984473375461424],"datetime_complete":"2026-09-24T00:14:10.254417+00:00"}
{"op_code":4,"worker_id":"3b0842aa-3287-4f03-9a25-42c688550377-139828755912512","study_id":0,"datetime_start":"2026-09-24T00:14:10.408571+00:00"}
{"op_code":9,"worker_id":"3b0842aa-3287-4f03-9a25-42c688550377-139828755912512","trial_id":17,"system_attr":{"tpe:relative_params:0":"{\"cnn_blocks\": \"two\", \"cnn_kernel\": 5, \"cnn_width\": \"base\", \"crop_probability\": 0.20282484387941596, \"dropout\": 0.09738889590169274, \"learning_rate\": 0.000882578378415988, \"sampling_power\": 0.3364666745598598, \"warmup_fraction\": 0.024349863288007353, \"weight_decay\": 0.08380949712516272}"}}
{"op_code":5,"worker_id":"3b0842aa-3287-4f03-9a25-42c688550377-139828755912512","trial_id":17,"param_name":"dropout","param_value_internal":0.09738889590169274,"distribution":"{\"name\": \"FloatDistribution\", \"attributes\": {\"step\": null, \"low\": 0.0, \"high\": 0.3, \"log\": false}}"}
{"op_code":5,"worker_id":"3b0842aa-3287-4f03-9a25-42c688550377-139828755912512","trial_id":17,"param_name":"learning_rate","param_value_internal":0.000882578378415988,"distribution":"{\"name\": \"FloatDistribution\", \"attributes\": {\"step\": null, \"low\": 0.0001, \"high\": 0.003, \"log\": true}}"}
{"op_code":5,"worker_id":"3b0842aa-3287-4f03-9a25-42c688550377-139828755912512","trial_id":17,"param_name":"weight_decay","param_value_internal":0.08380949712516272,"distribution":"{\"name\": \"FloatDistribution\", \"attributes\": {\"step\": null, \"low\": 0.001, \"high\": 0.2, \"log\": true}}"}
{"op_code":5,"worker_id":"3b0842aa-3287-4f03-9a25-42c688550377-139828755912512","trial_id":17,"param_name":"warmup_fraction","param_value_internal":0.024349863288007353,"distribution":"{\"name\": \"FloatDistribution\", \"attributes\": {\"step\": null, \"low\": 0.02, \"high\": 0.1, \"log\": false}}"}
{"op_code":5,"worker_id":"3b0842aa-3287-4f03-9a25-42c688550377-139828755912512","trial_id":17,"param_name":"sampling_power","param_value_internal":0.3364666745598598,"distribution":"{\"name\": \"FloatDistribution\", \"attributes\": {\"step\": null, \"low\": 0.0, \"high\": 1.0, \"log\": false}}"}
{"op_code":5,"worker_id":"3b0842aa-3287-4f03-9a25-42c688550377-139828755912512","trial_id":17,"param_name":"crop_probability","param_value_internal":0.20282484387941596,"distribution":"{\"name\": \"FloatDistribution\", \"attributes\": {\"step\": null, \"low\": 0.2, \"high\": 0.8, \"log\": false}}"}
{"op_code":5,"worker_id":"3b0842aa-3287-4f03-9a25-42c688550377-139828755912512","trial_id":17,"param_name":"cnn_width","param_value_internal":0,"distribution":"{\"name\": \"CategoricalDistribution\", \"attributes\": {\"choices\": [\"base\", \"large\", \"small\"]}}"}
{"op_code":5,"worker_id":"3b0842aa-3287-4f03-9a25-42c688550377-139828755912512","trial_id":17,"param_name":"cnn_blocks","param_value_internal":1,"distribution":"{\"name\": \"CategoricalDistribution\", \"attributes\": {\"choices\": [\"three\", \"two\"]}}"}
{"op_code":5,"worker_id":"3b0842aa-3287-4f03-9a25-42c688550377-139828755912512","trial_id":17,"param_name":"cnn_kernel","param_value_internal":0,"distribution":"{\"name\": \"CategoricalDistribution\", \"attributes\": {\"choices\": [5, 7, 9, 11]}}"}
{"op_code":8,"worker_id":"3b0842aa-3287-4f03-9a25-42c688550377-139828755912512","trial_id":17,"user_attr":{"encoder":{"embedding_dim":64,"channels":[128,192,256,320],"blocks_per_stage":2,"kernel_size":5,"dilations":[1,2],"output_dim":256,"dropout":0.09738889590169274}}}
{"op_code":7,"worker_id":"3b0842aa-3287-4f03-9a25-42c688550377-139828755912512","trial_id":17,"step":1,"intermediate_value":0.20716797266422388}
{"op_code":7,"worker_id":"3b0842aa-3287-4f03-9a25-42c688550377-139828755912512","trial_id":17,"step":2,"intermediate_value":0.3440698325821925}
{"op_code":9,"worker_id":"3b0842aa-3287-4f03-9a25-42c688550377-139828755912512","trial_id":17,"system_attr":{"completed_rung_0":0.3440698325821925}}
{"op_code":7,"worker_id":"3b0842aa-3287-4f03-9a25-42c688550377-139828755912512","trial_id":17,"step":3,"intermediate_value":0.41296897818314193}
{"op_code":7,"worker_id":"3b0842aa-3287-4f03-9a25-42c688550377-139828755912512","trial_id":17,"step":4,"intermediate_value":0.4878532307082526}
{"op_code":7,"worker_id":"3b0842aa-3287-4f03-9a25-42c688550377-139828755912512","trial_id":17,"step":5,"intermediate_value":0.5377868217857825}
{"op_code":7,"worker_id":"3b0842aa-3287-4f03-9a25-42c688550377-139828755912512","trial_id":17,"step":6,"intermediate_value":0.5477070307632255}
{"op_code":9,"worker_id":"3b0842aa-3287-4f03-9a25-42c688550377-139828755912512","trial_id":17,"system_attr":{"completed_rung_1":0.5477070307632255}}
{"op_code":6,"worker_id":"3b0842aa-3287-4f03-9a25-42c688550377-139828755912512","trial_id":17,"state":1,"values":[0.5477070307632255],"datetime_complete":"2026-09-24T00:40:48.697707+00:00"}
{"op_code":4,"worker_id":"3b0842aa-3287-4f03-9a25-42c688550377-139828755912512","study_id":0,"datetime_start":"2026-09-24T00:40:48.837900+00:00"}
{"op_code":9,"worker_id":"3b0842aa-3287-4f03-9a25-42c688550377-139828755912512","trial_id":18,"system_attr":{"tpe:relative_params:0":"{\"cnn_blocks\": \"two\", \"cnn_kernel\": 5, \"cnn_width\": \"base\", \"crop_probability\": 0.20647011164273862, \"dropout\": 0.05992962427586748, \"learning_rate\": 0.0012255877823983418, \"sampling_power\": 0.12071140896235108, \"warmup_fraction\": 0.02233626834719534, \"weight_decay\": 0.042042826962327855}"}}
{"op_code":5,"worker_id":"3b0842aa-3287-4f03-9a25-42c688550377-139828755912512","trial_id":18,"param_name":"dropout","param_value_internal":0.05992962427586748,"distribution":"{\"name\": \"FloatDistribution\", \"attributes\": {\"step\": null, \"low\": 0.0, \"high\": 0.3, \"log\": false}}"}
{"op_code":5,"worker_id":"3b0842aa-3287-4f03-9a25-42c688550377-139828755912512","trial_id":18,"param_name":"learning_rate","param_value_internal":0.0012255877823983418,"distribution":"{\"name\": \"FloatDistribution\", \"attributes\": {\"step\": null, \"low\": 0.0001, \"high\": 0.003, \"log\": true}}"}
{"op_code":5,"worker_id":"3b0842aa-3287-4f03-9a25-42c688550377-139828755912512","trial_id":18,"param_name":"weight_decay","param_value_internal":0.042042826962327855,"distribution":"{\"name\": \"FloatDistribution\", \"attributes\": {\"step\": null, \"low\": 0.001, \"high\": 0.2, \"log\": true}}"}
{"op_code":5,"worker_id":"3b0842aa-3287-4f03-9a25-42c688550377-139828755912512","trial_id":18,"param_name":"warmup_fraction","param_value_internal":0.02233626834719534,"distribution":"{\"name\": \"FloatDistribution\", \"attributes\": {\"step\": null, \"low\": 0.02, \"high\": 0.1, \"log\": false}}"}
{"op_code":5,"worker_id":"3b0842aa-3287-4f03-9a25-42c688550377-139828755912512","trial_id":18,"param_name":"sampling_power","param_value_internal":0.12071140896235108,"distribution":"{\"name\": \"FloatDistribution\", \"attributes\": {\"step\": null, \"low\": 0.0, \"high\": 1.0, \"log\": false}}"}
{"op_code":5,"worker_id":"3b0842aa-3287-4f03-9a25-42c688550377-139828755912512","trial_id":18,"param_name":"crop_probability","param_value_internal":0.20647011164273862,"distribution":"{\"name\": \"FloatDistribution\", \"attributes\": {\"step\": null, \"low\": 0.2, \"high\": 0.8, \"log\": false}}"}
{"op_code":5,"worker_id":"3b0842aa-3287-4f03-9a25-42c688550377-139828755912512","trial_id":18,"param_name":"cnn_width","param_value_internal":0,"distribution":"{\"name\": \"CategoricalDistribution\", \"attributes\": {\"choices\": [\"base\", \"large\", \"small\"]}}"}
{"op_code":5,"worker_id":"3b0842aa-3287-4f03-9a25-42c688550377-139828755912512","trial_id":18,"param_name":"cnn_blocks","param_value_internal":1,"distribution":"{\"name\": \"CategoricalDistribution\", \"attributes\": {\"choices\": [\"three\", \"two\"]}}"}
{"op_code":5,"worker_id":"3b0842aa-3287-4f03-9a25-42c688550377-139828755912512","trial_id":18,"param_name":"cnn_kernel","param_value_internal":0,"distribution":"{\"name\": \"CategoricalDistribution\", \"attributes\": {\"choices\": [5, 7, 9, 11]}}"}
{"op_code":8,"worker_id":"3b0842aa-3287-4f03-9a25-42c688550377-139828755912512","trial_id":18,"user_attr":{"encoder":{"embedding_dim":64,"channels":[128,192,256,320],"blocks_per_stage":2,"kernel_size":5,"dilations":[1,2],"output_dim":256,"dropout":0.05992962427586748}}}
{"op_code":7,"worker_id":"3b0842aa-3287-4f03-9a25-42c688550377-139828755912512","trial_id":18,"step":1,"intermediate_value":0.2514411449531337}
{"op_code":7,"worker_id":"3b0842aa-3287-4f03-9a25-42c688550377-139828755912512","trial_id":18,"step":2,"intermediate_value":0.3856908277886676}
{"op_code":9,"worker_id":"3b0842aa-3287-4f03-9a25-42c688550377-139828755912512","trial_id":18,"system_attr":{"completed_rung_0":0.3856908277886676}}
{"op_code":7,"worker_id":"3b0842aa-3287-4f03-9a25-42c688550377-139828755912512","trial_id":18,"step":3,"intermediate_value":0.4586710346305032}
{"op_code":7,"worker_id":"3b0842aa-3287-4f03-9a25-42c688550377-139828755912512","trial_id":18,"step":4,"intermediate_value":0.5180007414436929}
{"op_code":7,"worker_id":"3b0842aa-3287-4f03-9a25-42c688550377-139828755912512","trial_id":18,"step":5,"intermediate_value":0.5639079990093278}
{"op_code":7,"worker_id":"3b0842aa-3287-4f03-9a25-42c688550377-139828755912512","trial_id":18,"step":6,"intermediate_value":0.5696243716064071}
{"op_code":9,"worker_id":"3b0842aa-3287-4f03-9a25-42c688550377-139828755912512","trial_id":18,"system_attr":{"completed_rung_1":0.5696243716064071}}
{"op_code":6,"worker_id":"3b0842aa-3287-4f03-9a25-42c688550377-139828755912512","trial_id":18,"state":1,"values":[0.5696243716064071],"datetime_complete":"2026-09-24T01:07:19.000932+00:00"}
{"op_code":4,"worker_id":"3b0842aa-3287-4f03-9a25-42c688550377-139828755912512","study_id":0,"datetime_start":"2026-09-24T01:07:19.162504+00:00"}
{"op_code":9,"worker_id":"3b0842aa-3287-4f03-9a25-42c688550377-139828755912512","trial_id":19,"system_attr":{"tpe:relative_params:0":"{\"cnn_blocks\": \"two\", \"cnn_kernel\": 5, \"cnn_width\": \"base\", \"crop_probability\": 0.23514927395656465, \"dropout\": 0.09055890542125608, \"learning_rate\": 0.0016156160103516285, \"sampling_power\": 0.5029474762499214, \"warmup_fraction\": 0.026248630940195316, \"weight_decay\": 0.009350478131011513}"}}
{"op_code":5,"worker_id":"3b0842aa-3287-4f03-9a25-42c688550377-139828755912512","trial_id":19,"param_name":"dropout","param_value_internal":0.09055890542125608,"distribution":"{\"name\": \"FloatDistribution\", \"attributes\": {\"step\": null, \"low\": 0.0, \"high\": 0.3, \"log\": false}}"}
{"op_code":5,"worker_id":"3b0842aa-3287-4f03-9a25-42c688550377-139828755912512","trial_id":19,"param_name":"learning_rate","param_value_internal":0.0016156160103516285,"distribution":"{\"name\": \"FloatDistribution\", \"attributes\": {\"step\": null, \"low\": 0.0001, \"high\": 0.003, \"log\": true}}"}
{"op_code":5,"worker_id":"3b0842aa-3287-4f03-9a25-42c688550377-139828755912512","trial_id":19,"param_name":"weight_decay","param_value_internal":0.009350478131011513,"distribution":"{\"name\": \"FloatDistribution\", \"attributes\": {\"step\": null, \"low\": 0.001, \"high\": 0.2, \"log\": true}}"}
{"op_code":5,"worker_id":"3b0842aa-3287-4f03-9a25-42c688550377-139828755912512","trial_id":19,"param_name":"warmup_fraction","param_value_internal":0.026248630940195316,"distribution":"{\"name\": \"FloatDistribution\", \"attributes\": {\"step\": null, \"low\": 0.02, \"high\": 0.1, \"log\": false}}"}
{"op_code":5,"worker_id":"3b0842aa-3287-4f03-9a25-42c688550377-139828755912512","trial_id":19,"param_name":"sampling_power","param_value_internal":0.5029474762499214,"distribution":"{\"name\": \"FloatDistribution\", \"attributes\": {\"step\": null, \"low\": 0.0, \"high\": 1.0, \"log\": false}}"}
{"op_code":5,"worker_id":"3b0842aa-3287-4f03-9a25-42c688550377-139828755912512","trial_id":19,"param_name":"crop_probability","param_value_internal":0.23514927395656465,"distribution":"{\"name\": \"FloatDistribution\", \"attributes\": {\"step\": null, \"low\": 0.2, \"high\": 0.8, \"log\": false}}"}
{"op_code":5,"worker_id":"3b0842aa-3287-4f03-9a25-42c688550377-139828755912512","trial_id":19,"param_name":"cnn_width","param_value_internal":0,"distribution":"{\"name\": \"CategoricalDistribution\", \"attributes\": {\"choices\": [\"base\", \"large\", \"small\"]}}"}
{"op_code":5,"worker_id":"3b0842aa-3287-4f03-9a25-42c688550377-139828755912512","trial_id":19,"param_name":"cnn_blocks","param_value_internal":1,"distribution":"{\"name\": \"CategoricalDistribution\", \"attributes\": {\"choices\": [\"three\", \"two\"]}}"}
{"op_code":5,"worker_id":"3b0842aa-3287-4f03-9a25-42c688550377-139828755912512","trial_id":19,"param_name":"cnn_kernel","param_value_internal":0,"distribution":"{\"name\": \"CategoricalDistribution\", \"attributes\": {\"choices\": [5, 7, 9, 11]}}"}
{"op_code":8,"worker_id":"3b0842aa-3287-4f03-9a25-42c688550377-139828755912512","trial_id":19,"user_attr":{"encoder":{"embedding_dim":64,"channels":[128,192,256,320],"blocks_per_stage":2,"kernel_size":5,"dilations":[1,2],"output_dim":256,"dropout":0.09055890542125608}}}
{"op_code":7,"worker_id":"3b0842aa-3287-4f03-9a25-42c688550377-139828755912512","trial_id":19,"step":1,"intermediate_value":0.10843942821895461}
{"op_code":7,"worker_id":"3b0842aa-3287-4f03-9a25-42c688550377-139828755912512","trial_id":19,"step":2,"intermediate_value":0.14883150168206957}
{"op_code":9,"worker_id":"3b0842aa-3287-4f03-9a25-42c688550377-139828755912512","trial_id":19,"system_attr":{"completed_rung_0":0.14883150168206957}}
{"op_code":6,"worker_id":"3b0842aa-3287-4f03-9a25-42c688550377-139828755912512","trial_id":19,"state":2,"values":[0.14883150168206957],"datetime_complete":"2026-09-24T01:16:10.276001+00:00"}
{"op_code":4,"worker_id":"3b0842aa-3287-4f03-9a25-42c688550377-139828755912512","study_id":0,"datetime_start":"2026-09-24T01:16:10.442914+00:00"}
{"op_code":9,"worker_id":"3b0842aa-3287-4f03-9a25-42c688550377-139828755912512","trial_id":20,"system_attr":{"tpe:relative_params:0":"{\"cnn_blocks\": \"two\", \"cnn_kernel\": 5, \"cnn_width\": \"large\", \"crop_probability\": 0.22242492515089246, \"dropout\": 0.03191732223877103, \"learning_rate\": 0.000896574758949686, \"sampling_power\": 0.1557182648578359, \"warmup_fraction\": 0.023194280044200568, \"weight_decay\": 0.02741573668261287}"}}
{"op_code":5,"worker_id":"3b0842aa-3287-4f03-9a25-42c688550377-139828755912512","trial_id":20,"param_name":"dropout","param_value_internal":0.03191732223877103,"distribution":"{\"name\": \"FloatDistribution\", \"attributes\": {\"step\": null, \"low\": 0.0, \"high\": 0.3, \"log\": false}}"}
{"op_code":5,"worker_id":"3b0842aa-3287-4f03-9a25-42c688550377-139828755912512","trial_id":20,"param_name":"learning_rate","param_value_internal":0.000896574758949686,"distribution":"{\"name\": \"FloatDistribution\", \"attributes\": {\"step\": null, \"low\": 0.0001, \"high\": 0.003, \"log\": true}}"}
{"op_code":5,"worker_id":"3b0842aa-3287-4f03-9a25-42c688550377-139828755912512","trial_id":20,"param_name":"weight_decay","param_value_internal":0.02741573668261287,"distribution":"{\"name\": \"FloatDistribution\", \"attributes\": {\"step\": null, \"low\": 0.001, \"high\": 0.2, \"log\": true}}"}
{"op_code":5,"worker_id":"3b0842aa-3287-4f03-9a25-42c688550377-139828755912512","trial_id":20,"param_name":"warmup_fraction","param_value_internal":0.023194280044200568,"distribution":"{\"name\": \"FloatDistribution\", \"attributes\": {\"step\": null, \"low\": 0.02, \"high\": 0.1, \"log\": false}}"}
{"op_code":5,"worker_id":"3b0842aa-3287-4f03-9a25-42c688550377-139828755912512","trial_id":20,"param_name":"sampling_power","param_value_internal":0.1557182648578359,"distribution":"{\"name\": \"FloatDistribution\", \"attributes\": {\"step\": null, \"low\": 0.0, \"high\": 1.0, \"log\": false}}"}
{"op_code":5,"worker_id":"3b0842aa-3287-4f03-9a25-42c688550377-139828755912512","trial_id":20,"param_name":"crop_probability","param_value_internal":0.22242492515089246,"distribution":"{\"name\": \"FloatDistribution\", \"attributes\": {\"step\": null, \"low\": 0.2, \"high\": 0.8, \"log\": false}}"}
{"op_code":5,"worker_id":"3b0842aa-3287-4f03-9a25-42c688550377-139828755912512","trial_id":20,"param_name":"cnn_width","param_value_internal":1,"distribution":"{\"name\": \"CategoricalDistribution\", \"attributes\": {\"choices\": [\"base\", \"large\", \"small\"]}}"}
{"op_code":5,"worker_id":"3b0842aa-3287-4f03-9a25-42c688550377-139828755912512","trial_id":20,"param_name":"cnn_blocks","param_value_internal":1,"distribution":"{\"name\": \"CategoricalDistribution\", \"attributes\": {\"choices\": [\"three\", \"two\"]}}"}
{"op_code":5,"worker_id":"3b0842aa-3287-4f03-9a25-42c688550377-139828755912512","trial_id":20,"param_name":"cnn_kernel","param_value_internal":0,"distribution":"{\"name\": \"CategoricalDistribution\", \"attributes\": {\"choices\": [5, 7, 9, 11]}}"}
{"op_code":8,"worker_id":"3b0842aa-3287-4f03-9a25-42c688550377-139828755912512","trial_id":20,"user_attr":{"encoder":{"embedding_dim":64,"channels":[160,256,320,384],"blocks_per_stage":2,"kernel_size":5,"dilations":[1,2],"output_dim":256,"dropout":0.03191732223877103}}}
{"op_code":7,"worker_id":"3b0842aa-3287-4f03-9a25-42c688550377-139828755912512","trial_id":20,"step":1,"intermediate_value":0.277853794704808}
{"op_code":7,"worker_id":"3b0842aa-3287-4f03-9a25-42c688550377-139828755912512","trial_id":20,"step":2,"intermediate_value":0.40433041236619294}
{"op_code":9,"worker_id":"3b0842aa-3287-4f03-9a25-42c688550377-139828755912512","trial_id":20,"system_attr":{"completed_rung_0":0.40433041236619294}}
{"op_code":7,"worker_id":"3b0842aa-3287-4f03-9a25-42c688550377-139828755912512","trial_id":20,"step":3,"intermediate_value":0.4823837459313668}
{"op_code":7,"worker_id":"3b0842aa-3287-4f03-9a25-42c688550377-139828755912512","trial_id":20,"step":4,"intermediate_value":0.549699521360868}
{"op_code":7,"worker_id":"3b0842aa-3287-4f03-9a25-42c688550377-139828755912512","trial_id":20,"step":5,"intermediate_value":0.5833478790942974}
{"op_code":7,"worker_id":"3b0842aa-3287-4f03-9a25-42c688550377-139828755912512","trial_id":20,"step":6,"intermediate_value":0.5969877345239234}
{"op_code":9,"worker_id":"3b0842aa-3287-4f03-9a25-42c688550377-139828755912512","trial_id":20,"system_attr":{"completed_rung_1":0.5969877345239234}}
{"op_code":6,"worker_id":"3b0842aa-3287-4f03-9a25-42c688550377-139828755912512","trial_id":20,"state":1,"values":[0.5969877345239234],"datetime_complete":"2026-09-24T01:51:49.108228+00:00"}
{"op_code":4,"worker_id":"3b0842aa-3287-4f03-9a25-42c688550377-139828755912512","study_id":0,"datetime_start":"2026-09-24T01:51:49.271401+00:00"}
{"op_code":9,"worker_id":"3b0842aa-3287-4f03-9a25-42c688550377-139828755912512","trial_id":21,"system_attr":{"tpe:relative_params:0":"{\"cnn_blocks\": \"two\", \"cnn_kernel\": 5, \"cnn_width\": \"base\", \"crop_probability\": 0.2560740875244967, \"dropout\": 0.05660718033281808, \"learning_rate\": 0.0014496616931831967, \"sampling_power\": 0.019236895870196072, \"warmup_fraction\": 0.02614123761768564, \"weight_decay\": 0.026815726058493698}"}}
{"op_code":5,"worker_id":"3b0842aa-3287-4f03-9a25-42c688550377-139828755912512","trial_id":21,"param_name":"dropout","param_value_internal":0.05660718033281808,"distribution":"{\"name\": \"FloatDistribution\", \"attributes\": {\"step\": null, \"low\": 0.0, \"high\": 0.3, \"log\": false}}"}
{"op_code":5,"worker_id":"3b0842aa-3287-4f03-9a25-42c688550377-139828755912512","trial_id":21,"param_name":"learning_rate","param_value_internal":0.0014496616931831967,"distribution":"{\"name\": \"FloatDistribution\", \"attributes\": {\"step\": null, \"low\": 0.0001, \"high\": 0.003, \"log\": true}}"}
{"op_code":5,"worker_id":"3b0842aa-3287-4f03-9a25-42c688550377-139828755912512","trial_id":21,"param_name":"weight_decay","param_value_internal":0.026815726058493698,"distribution":"{\"name\": \"FloatDistribution\", \"attributes\": {\"step\": null, \"low\": 0.001, \"high\": 0.2, \"log\": true}}"}
{"op_code":5,"worker_id":"3b0842aa-3287-4f03-9a25-42c688550377-139828755912512","trial_id":21,"param_name":"warmup_fraction","param_value_internal":0.02614123761768564,"distribution":"{\"name\": \"FloatDistribution\", \"attributes\": {\"step\": null, \"low\": 0.02, \"high\": 0.1, \"log\": false}}"}
{"op_code":5,"worker_id":"3b0842aa-3287-4f03-9a25-42c688550377-139828755912512","trial_id":21,"param_name":"sampling_power","param_value_internal":0.019236895870196072,"distribution":"{\"name\": \"FloatDistribution\", \"attributes\": {\"step\": null, \"low\": 0.0, \"high\": 1.0, \"log\": false}}"}
{"op_code":5,"worker_id":"3b0842aa-3287-4f03-9a25-42c688550377-139828755912512","trial_id":21,"param_name":"crop_probability","param_value_internal":0.2560740875244967,"distribution":"{\"name\": \"FloatDistribution\", \"attributes\": {\"step\": null, \"low\": 0.2, \"high\": 0.8, \"log\": false}}"}
{"op_code":5,"worker_id":"3b0842aa-3287-4f03-9a25-42c688550377-139828755912512","trial_id":21,"param_name":"cnn_width","param_value_internal":0,"distribution":"{\"name\": \"CategoricalDistribution\", \"attributes\": {\"choices\": [\"base\", \"large\", \"small\"]}}"}
{"op_code":5,"worker_id":"3b0842aa-3287-4f03-9a25-42c688550377-139828755912512","trial_id":21,"param_name":"cnn_blocks","param_value_internal":1,"distribution":"{\"name\": \"CategoricalDistribution\", \"attributes\": {\"choices\": [\"three\", \"two\"]}}"}
{"op_code":5,"worker_id":"3b0842aa-3287-4f03-9a25-42c688550377-139828755912512","trial_id":21,"param_name":"cnn_kernel","param_value_internal":0,"distribution":"{\"name\": \"CategoricalDistribution\", \"attributes\": {\"choices\": [5, 7, 9, 11]}}"}
{"op_code":8,"worker_id":"3b0842aa-3287-4f03-9a25-42c688550377-139828755912512","trial_id":21,"user_attr":{"encoder":{"embedding_dim":64,"channels":[128,192,256,320],"blocks_per_stage":2,"kernel_size":5,"dilations":[1,2],"output_dim":256,"dropout":0.05660718033281808}}}
{"op_code":7,"worker_id":"3b0842aa-3287-4f03-9a25-42c688550377-139828755912512","trial_id":21,"step":1,"intermediate_value":0.2515753449240199}
{"op_code":7,"worker_id":"3b0842aa-3287-4f03-9a25-42c688550377-139828755912512","trial_id":21,"step":2,"intermediate_value":0.3739285458719799}
{"op_code":9,"worker_id":"3b0842aa-3287-4f03-9a25-42c688550377-139828755912512","trial_id":21,"system_attr":{"completed_rung_0":0.3739285458719799}}
{"op_code":7,"worker_id":"3b0842aa-3287-4f03-9a25-42c688550377-139828755912512","trial_id":21,"step":3,"intermediate_value":0.4478725069067286}
{"op_code":7,"worker_id":"3b0842aa-3287-4f03-9a25-42c688550377-139828755912512","trial_id":21,"step":4,"intermediate_value":0.503544540011766}
{"op_code":7,"worker_id":"3b0842aa-3287-4f03-9a25-42c688550377-139828755912512","trial_id":21,"step":5,"intermediate_value":0.5415557900711193}
{"op_code":7,"worker_id":"3b0842aa-3287-4f03-9a25-42c688550377-139828755912512","trial_id":21,"step":6,"intermediate_value":0.5497374183626133}
{"op_code":9,"worker_id":"3b0842aa-3287-4f03-9a25-42c688550377-139828755912512","trial_id":21,"system_attr":{"completed_rung_1":0.5497374183626133}}
{"op_code":6,"worker_id":"3b0842aa-3287-4f03-9a25-42c688550377-139828755912512","trial_id":21,"state":1,"values":[0.5497374183626133],"datetime_complete":"2026-09-24T02:18:16.787117+00:00"}
{"op_code":4,"worker_id":"3b0842aa-3287-4f03-9a25-42c688550377-139828755912512","study_id":0,"datetime_start":"2026-09-24T02:18:16.951279+00:00"}
{"op_code":9,"worker_id":"3b0842aa-3287-4f03-9a25-42c688550377-139828755912512","trial_id":22,"system_attr":{"tpe:relative_params:0":"{\"cnn_blocks\": \"two\", \"cnn_kernel\": 5, \"cnn_width\": \"base\", \"crop_probability\": 0.209675436306961, \"dropout\": 0.06254149162125633, \"learning_rate\": 0.00043965190420558166, \"sampling_power\": 0.25130516813574416, \"warmup_fraction\": 0.030402928432111766, \"weight_decay\": 0.017427190431155093}"}}
{"op_code":5,"worker_id":"3b0842aa-3287-4f03-9a25-42c688550377-139828755912512","trial_id":22,"param_name":"dropout","param_value_internal":0.06254149162125633,"distribution":"{\"name\": \"FloatDistribution\", \"attributes\": {\"step\": null, \"low\": 0.0, \"high\": 0.3, \"log\": false}}"}
{"op_code":5,"worker_id":"3b0842aa-3287-4f03-9a25-42c688550377-139828755912512","trial_id":22,"param_name":"learning_rate","param_value_internal":0.00043965190420558166,"distribution":"{\"name\": \"FloatDistribution\", \"attributes\": {\"step\": null, \"low\": 0.0001, \"high\": 0.003, \"log\": true}}"}
{"op_code":5,"worker_id":"3b0842aa-3287-4f03-9a25-42c688550377-139828755912512","trial_id":22,"param_name":"weight_decay","param_value_internal":0.017427190431155093,"distribution":"{\"name\": \"FloatDistribution\", \"attributes\": {\"step\": null, \"low\": 0.001, \"high\": 0.2, \"log\": true}}"}
{"op_code":5,"worker_id":"3b0842aa-3287-4f03-9a25-42c688550377-139828755912512","trial_id":22,"param_name":"warmup_fraction","param_value_internal":0.030402928432111766,"distribution":"{\"name\": \"FloatDistribution\", \"attributes\": {\"step\": null, \"low\": 0.02, \"high\": 0.1, \"log\": false}}"}
{"op_code":5,"worker_id":"3b0842aa-3287-4f03-9a25-42c688550377-139828755912512","trial_id":22,"param_name":"sampling_power","param_value_internal":0.25130516813574416,"distribution":"{\"name\": \"FloatDistribution\", \"attributes\": {\"step\": null, \"low\": 0.0, \"high\": 1.0, \"log\": false}}"}
{"op_code":5,"worker_id":"3b0842aa-3287-4f03-9a25-42c688550377-139828755912512","trial_id":22,"param_name":"crop_probability","param_value_internal":0.209675436306961,"distribution":"{\"name\": \"FloatDistribution\", \"attributes\": {\"step\": null, \"low\": 0.2, \"high\": 0.8, \"log\": false}}"}
{"op_code":5,"worker_id":"3b0842aa-3287-4f03-9a25-42c688550377-139828755912512","trial_id":22,"param_name":"cnn_width","param_value_internal":0,"distribution":"{\"name\": \"CategoricalDistribution\", \"attributes\": {\"choices\": [\"base\", \"large\", \"small\"]}}"}
{"op_code":5,"worker_id":"3b0842aa-3287-4f03-9a25-42c688550377-139828755912512","trial_id":22,"param_name":"cnn_blocks","param_value_internal":1,"distribution":"{\"name\": \"CategoricalDistribution\", \"attributes\": {\"choices\": [\"three\", \"two\"]}}"}
{"op_code":5,"worker_id":"3b0842aa-3287-4f03-9a25-42c688550377-139828755912512","trial_id":22,"param_name":"cnn_kernel","param_value_internal":0,"distribution":"{\"name\": \"CategoricalDistribution\", \"attributes\": {\"choices\": [5, 7, 9, 11]}}"}
{"op_code":8,"worker_id":"3b0842aa-3287-4f03-9a25-42c688550377-139828755912512","trial_id":22,"user_attr":{"encoder":{"embedding_dim":64,"channels":[128,192,256,320],"blocks_per_stage":2,"kernel_size":5,"dilations":[1,2],"output_dim":256,"dropout":0.06254149162125633}}}
{"op_code":7,"worker_id":"3b0842aa-3287-4f03-9a25-42c688550377-139828755912512","trial_id":22,"step":1,"intermediate_value":0.2560266821643111}
{"op_code":7,"worker_id":"3b0842aa-3287-4f03-9a25-42c688550377-139828755912512","trial_id":22,"step":2,"intermediate_value":0.3866652265806003}
{"op_code":7,"worker_id":"3b0842aa-3287-4f03-9a25-42c688550377-139828755912512","trial_id":22,"step":3,"intermediate_value":0.46141511194217005}
{"op_code":7,"worker_id":"3b0842aa-3287-4f03-9a25-42c688550377-139828755912512","trial_id":22,"step":4,"intermediate_value":0.5230895285456936}
{"op_code":7,"worker_id":"3b0842aa-3287-4f03-9a25-42c688550377-139828755912512","trial_id":22,"step":5,"intermediate_value":0.5494145136153896}
{"op_code":7,"worker_id":"3b0842aa-3287-4f03-9a25-42c688550377-139828755912512","trial_id":22,"step":6,"intermediate_value":0.5543215623016677}
{"op_code":9,"worker_id":"3b0842aa-3287-4f03-9a25-42c688550377-139828755912512","trial_id":22,"system_attr":{"completed_rung_0":0.5543215623016677}}
{"op_code":6,"worker_id":"3b0842aa-3287-4f03-9a25-42c688550377-139828755912512","trial_id":22,"state":1,"values":[0.5543215623016677],"datetime_complete":"2026-09-24T02:44:56.880842+00:00"}
{"op_code":4,"worker_id":"3b0842aa-3287-4f03-9a25-42c688550377-139828755912512","study_id":0,"datetime_start":"2026-09-24T02:44:57.039027+00:00"}
{"op_code":9,"worker_id":"3b0842aa-3287-4f03-9a25-42c688550377-139828755912512","trial_id":23,"system_attr":{"tpe:relative_params:0":"{\"cnn_blocks\": \"two\", \"cnn_kernel\": 5, \"cnn_width\": \"base\", \"crop_probability\": 0.21676242309047955, \"dropout\": 0.029384133854181562, \"learning_rate\": 0.0019092565532176971, \"sampling_power\": 0.03562461796833834, \"warmup_fraction\": 0.02961016207677272, \"weight_decay\": 0.12087220141283835}"}}
{"op_code":5,"worker_id":"3b0842aa-3287-4f03-9a25-42c688550377-139828755912512","trial_id":23,"param_name":"dropout","param_value_internal":0.029384133854181562,"distribution":"{\"name\": \"FloatDistribution\", \"attributes\": {\"step\": null, \"low\": 0.0, \"high\": 0.3, \"log\": false}}"}
{"op_code":5,"worker_id":"3b0842aa-3287-4f03-9a25-42c688550377-139828755912512","trial_id":23,"param_name":"learning_rate","param_value_internal":0.0019092565532176971,"distribution":"{\"name\": \"FloatDistribution\", \"attributes\": {\"step\": null, \"low\": 0.0001, \"high\": 0.003, \"log\": true}}"}
{"op_code":5,"worker_id":"3b0842aa-3287-4f03-9a25-42c688550377-139828755912512","trial_id":23,"param_name":"weight_decay","param_value_internal":0.12087220141283835,"distribution":"{\"name\": \"FloatDistribution\", \"attributes\": {\"step\": null, \"low\": 0.001, \"high\": 0.2, \"log\": true}}"}
{"op_code":5,"worker_id":"3b0842aa-3287-4f03-9a25-42c688550377-139828755912512","trial_id":23,"param_name":"warmup_fraction","param_value_internal":0.02961016207677272,"distribution":"{\"name\": \"FloatDistribution\", \"attributes\": {\"step\": null, \"low\": 0.02, \"high\": 0.1, \"log\": false}}"}
{"op_code":5,"worker_id":"3b0842aa-3287-4f03-9a25-42c688550377-139828755912512","trial_id":23,"param_name":"sampling_power","param_value_internal":0.03562461796833834,"distribution":"{\"name\": \"FloatDistribution\", \"attributes\": {\"step\": null, \"low\": 0.0, \"high\": 1.0, \"log\": false}}"}
{"op_code":5,"worker_id":"3b0842aa-3287-4f03-9a25-42c688550377-139828755912512","trial_id":23,"param_name":"crop_probability","param_value_internal":0.21676242309047955,"distribution":"{\"name\": \"FloatDistribution\", \"attributes\": {\"step\": null, \"low\": 0.2, \"high\": 0.8, \"log\": false}}"}
{"op_code":5,"worker_id":"3b0842aa-3287-4f03-9a25-42c688550377-139828755912512","trial_id":23,"param_name":"cnn_width","param_value_internal":0,"distribution":"{\"name\": \"CategoricalDistribution\", \"attributes\": {\"choices\": [\"base\", \"large\", \"small\"]}}"}
{"op_code":5,"worker_id":"3b0842aa-3287-4f03-9a25-42c688550377-139828755912512","trial_id":23,"param_name":"cnn_blocks","param_value_internal":1,"distribution":"{\"name\": \"CategoricalDistribution\", \"attributes\": {\"choices\": [\"three\", \"two\"]}}"}
{"op_code":5,"worker_id":"3b0842aa-3287-4f03-9a25-42c688550377-139828755912512","trial_id":23,"param_name":"cnn_kernel","param_value_internal":0,"distribution":"{\"name\": \"CategoricalDistribution\", \"attributes\": {\"choices\": [5, 7, 9, 11]}}"}
{"op_code":8,"worker_id":"3b0842aa-3287-4f03-9a25-42c688550377-139828755912512","trial_id":23,"user_attr":{"encoder":{"embedding_dim":64,"channels":[128,192,256,320],"blocks_per_stage":2,"kernel_size":5,"dilations":[1,2],"output_dim":256,"dropout":0.029384133854181562}}}
{"op_code":7,"worker_id":"3b0842aa-3287-4f03-9a25-42c688550377-139828755912512","trial_id":23,"step":1,"intermediate_value":0.2517177373349892}
{"op_code":7,"worker_id":"3b0842aa-3287-4f03-9a25-42c688550377-139828755912512","trial_id":23,"step":2,"intermediate_value":0.370151329415675}
{"op_code":7,"worker_id":"3b0842aa-3287-4f03-9a25-42c688550377-139828755912512","trial_id":23,"step":3,"intermediate_value":0.44079122920708547}
{"op_code":7,"worker_id":"3b0842aa-3287-4f03-9a25-42c688550377-139828755912512","trial_id":23,"step":4,"intermediate_value":0.5019780562984483}
{"op_code":7,"worker_id":"3b0842aa-3287-4f03-9a25-42c688550377-139828755912512","trial_id":23,"step":5,"intermediate_value":0.5490961788007294}
{"op_code":7,"worker_id":"3b0842aa-3287-4f03-9a25-42c688550377-139828755912512","trial_id":23,"step":6,"intermediate_value":0.5618137995467073}
{"op_code":9,"worker_id":"3b0842aa-3287-4f03-9a25-42c688550377-139828755912512","trial_id":23,"system_attr":{"completed_rung_0":0.5618137995467073}}
{"op_code":6,"worker_id":"3b0842aa-3287-4f03-9a25-42c688550377-139828755912512","trial_id":23,"state":1,"values":[0.5618137995467073],"datetime_complete":"2026-09-24T03:11:27.212883+00:00"}
{"op_code":4,"worker_id":"3b0842aa-3287-4f03-9a25-42c688550377-139828755912512","study_id":0,"datetime_start":"2026-09-24T03:11:27.368588+00:00"}
{"op_code":9,"worker_id":"3b0842aa-3287-4f03-9a25-42c688550377-139828755912512","trial_id":24,"system_attr":{"tpe:relative_params:0":"{\"cnn_blocks\": \"two\", \"cnn_kernel\": 5, \"cnn_width\": \"large\", \"crop_probability\": 0.30512021555781, \"dropout\": 0.033905914106262015, \"learning_rate\": 0.0008151763294855798, \"sampling_power\": 0.12280213598337225, \"warmup_fraction\": 0.022121698305623255, \"weight_decay\": 0.08714175739505457}"}}
{"op_code":5,"worker_id":"3b0842aa-3287-4f03-9a25-42c688550377-139828755912512","trial_id":24,"param_name":"dropout","param_value_internal":0.033905914106262015,"distribution":"{\"name\": \"FloatDistribution\", \"attributes\": {\"step\": null, \"low\": 0.0, \"high\": 0.3, \"log\": false}}"}
{"op_code":5,"worker_id":"3b0842aa-3287-4f03-9a25-42c688550377-139828755912512","trial_id":24,"param_name":"learning_rate","param_value_internal":0.0008151763294855798,"distribution":"{\"name\": \"FloatDistribution\", \"attributes\": {\"step\": null, \"low\": 0.0001, \"high\": 0.003, \"log\": true}}"}
{"op_code":5,"worker_id":"3b0842aa-3287-4f03-9a25-42c688550377-139828755912512","trial_id":24,"param_name":"weight_decay","param_value_internal":0.08714175739505457,"distribution":"{\"name\": \"FloatDistribution\", \"attributes\": {\"step\": null, \"low\": 0.001, \"high\": 0.2, \"log\": true}}"}
{"op_code":5,"worker_id":"3b0842aa-3287-4f03-9a25-42c688550377-139828755912512","trial_id":24,"param_name":"warmup_fraction","param_value_internal":0.022121698305623255,"distribution":"{\"name\": \"FloatDistribution\", \"attributes\": {\"step\": null, \"low\": 0.02, \"high\": 0.1, \"log\": false}}"}
{"op_code":5,"worker_id":"3b0842aa-3287-4f03-9a25-42c688550377-139828755912512","trial_id":24,"param_name":"sampling_power","param_value_internal":0.12280213598337225,"distribution":"{\"name\": \"FloatDistribution\", \"attributes\": {\"step\": null, \"low\": 0.0, \"high\": 1.0, \"log\": false}}"}
{"op_code":5,"worker_id":"3b0842aa-3287-4f03-9a25-42c688550377-139828755912512","trial_id":24,"param_name":"crop_probability","param_value_internal":0.30512021555781,"distribution":"{\"name\": \"FloatDistribution\", \"attributes\": {\"step\": null, \"low\": 0.2, \"high\": 0.8, \"log\": false}}"}
{"op_code":5,"worker_id":"3b0842aa-3287-4f03-9a25-42c688550377-139828755912512","trial_id":24,"param_name":"cnn_width","param_value_internal":1,"distribution":"{\"name\": \"CategoricalDistribution\", \"attributes\": {\"choices\": [\"base\", \"large\", \"small\"]}}"}
{"op_code":5,"worker_id":"3b0842aa-3287-4f03-9a25-42c688550377-139828755912512","trial_id":24,"param_name":"cnn_blocks","param_value_internal":1,"distribution":"{\"name\": \"CategoricalDistribution\", \"attributes\": {\"choices\": [\"three\", \"two\"]}}"}
{"op_code":5,"worker_id":"3b0842aa-3287-4f03-9a25-42c688550377-139828755912512","trial_id":24,"param_name":"cnn_kernel","param_value_internal":0,"distribution":"{\"name\": \"CategoricalDistribution\", \"attributes\": {\"choices\": [5, 7, 9, 11]}}"}
{"op_code":8,"worker_id":"3b0842aa-3287-4f03-9a25-42c688550377-139828755912512","trial_id":24,"user_attr":{"encoder":{"embedding_dim":64,"channels":[160,256,320,384],"blocks_per_stage":2,"kernel_size":5,"dilations":[1,2],"output_dim":256,"dropout":0.033905914106262015}}}
{"op_code":7,"worker_id":"3b0842aa-3287-4f03-9a25-42c688550377-139828755912512","trial_id":24,"step":1,"intermediate_value":0.248415069363774}
{"op_code":7,"worker_id":"3b0842aa-3287-4f03-9a25-42c688550377-139828755912512","trial_id":24,"step":2,"intermediate_value":0.35886521217973966}
{"op_code":7,"worker_id":"3b0842aa-3287-4f03-9a25-42c688550377-139828755912512","trial_id":24,"step":3,"intermediate_value":0.43888918983566744}
{"op_code":7,"worker_id":"3b0842aa-3287-4f03-9a25-42c688550377-139828755912512","trial_id":24,"step":4,"intermediate_value":0.49336178283546706}
{"op_code":7,"worker_id":"3b0842aa-3287-4f03-9a25-42c688550377-139828755912512","trial_id":24,"step":5,"intermediate_value":0.5308804276030168}
{"op_code":7,"worker_id":"3b0842aa-3287-4f03-9a25-42c688550377-139828755912512","trial_id":24,"step":6,"intermediate_value":0.5400033505408014}
{"op_code":9,"worker_id":"3b0842aa-3287-4f03-9a25-42c688550377-139828755912512","trial_id":24,"system_attr":{"completed_rung_0":0.5400033505408014}}
{"op_code":6,"worker_id":"3b0842aa-3287-4f03-9a25-42c688550377-139828755912512","trial_id":24,"state":2,"values":[0.5400033505408014],"datetime_complete":"2026-09-24T03:46:59.817056+00:00"}
{"op_code":4,"worker_id":"3b0842aa-3287-4f03-9a25-42c688550377-139828755912512","study_id":0,"datetime_start":"2026-09-24T03:46:59.982469+00:00"}
{"op_code":9,"worker_id":"3b0842aa-3287-4f03-9a25-42c688550377-139828755912512","trial_id":25,"system_attr":{"tpe:relative_params:0":"{\"cnn_blocks\": \"two\", \"cnn_kernel\": 5, \"cnn_width\": \"base\", \"crop_probability\": 0.30051079496188715, \"dropout\": 0.0903230242949218, \"learning_rate\": 0.00183664138924546, \"sampling_power\": 0.08922435146655534, \"warmup_fraction\": 0.04116316164774653, \"weight_decay\": 0.025820690968266738}"}}
{"op_code":5,"worker_id":"3b0842aa-3287-4f03-9a25-42c688550377-139828755912512","trial_id":25,"param_name":"dropout","param_value_internal":0.0903230242949218,"distribution":"{\"name\": \"FloatDistribution\", \"attributes\": {\"step\": null, \"low\": 0.0, \"high\": 0.3, \"log\": false}}"}
{"op_code":5,"worker_id":"3b0842aa-3287-4f03-9a25-42c688550377-139828755912512","trial_id":25,"param_name":"learning_rate","param_value_internal":0.00183664138924546,"distribution":"{\"name\": \"FloatDistribution\", \"attributes\": {\"step\": null, \"low\": 0.0001, \"high\": 0.003, \"log\": true}}"}
{"op_code":5,"worker_id":"3b0842aa-3287-4f03-9a25-42c688550377-139828755912512","trial_id":25,"param_name":"weight_decay","param_value_internal":0.025820690968266738,"distribution":"{\"name\": \"FloatDistribution\", \"attributes\": {\"step\": null, \"low\": 0.001, \"high\": 0.2, \"log\": true}}"}
{"op_code":5,"worker_id":"3b0842aa-3287-4f03-9a25-42c688550377-139828755912512","trial_id":25,"param_name":"warmup_fraction","param_value_internal":0.04116316164774653,"distribution":"{\"name\": \"FloatDistribution\", \"attributes\": {\"step\": null, \"low\": 0.02, \"high\": 0.1, \"log\": false}}"}
{"op_code":5,"worker_id":"3b0842aa-3287-4f03-9a25-42c688550377-139828755912512","trial_id":25,"param_name":"sampling_power","param_value_internal":0.08922435146655534,"distribution":"{\"name\": \"FloatDistribution\", \"attributes\": {\"step\": null, \"low\": 0.0, \"high\": 1.0, \"log\": false}}"}
{"op_code":5,"worker_id":"3b0842aa-3287-4f03-9a25-42c688550377-139828755912512","trial_id":25,"param_name":"crop_probability","param_value_internal":0.30051079496188715,"distribution":"{\"name\": \"FloatDistribution\", \"attributes\": {\"step\": null, \"low\": 0.2, \"high\": 0.8, \"log\": false}}"}
{"op_code":5,"worker_id":"3b0842aa-3287-4f03-9a25-42c688550377-139828755912512","trial_id":25,"param_name":"cnn_width","param_value_internal":0,"distribution":"{\"name\": \"CategoricalDistribution\", \"attributes\": {\"choices\": [\"base\", \"large\", \"small\"]}}"}
{"op_code":5,"worker_id":"3b0842aa-3287-4f03-9a25-42c688550377-139828755912512","trial_id":25,"param_name":"cnn_blocks","param_value_internal":1,"distribution":"{\"name\": \"CategoricalDistribution\", \"attributes\": {\"choices\": [\"three\", \"two\"]}}"}
{"op_code":5,"worker_id":"3b0842aa-3287-4f03-9a25-42c688550377-139828755912512","trial_id":25,"param_name":"cnn_kernel","param_value_internal":0,"distribution":"{\"name\": \"CategoricalDistribution\", \"attributes\": {\"choices\": [5, 7, 9, 11]}}"}
{"op_code":8,"worker_id":"3b0842aa-3287-4f03-9a25-42c688550377-139828755912512","trial_id":25,"user_attr":{"encoder":{"embedding_dim":64,"channels":[128,192,256,320],"blocks_per_stage":2,"kernel_size":5,"dilations":[1,2],"output_dim":256,"dropout":0.0903230242949218}}}
{"op_code":7,"worker_id":"3b0842aa-3287-4f03-9a25-42c688550377-139828755912512","trial_id":25,"step":1,"intermediate_value":0.17180550010332507}
{"op_code":7,"worker_id":"3b0842aa-3287-4f03-9a25-42c688550377-139828755912512","trial_id":25,"step":2,"intermediate_value":0.31226516398367044}
{"op_code":9,"worker_id":"3b0842aa-3287-4f03-9a25-42c688550377-139828755912512","trial_id":25,"system_attr":{"completed_rung_0":0.31226516398367044}}
{"op_code":6,"worker_id":"3b0842aa-3287-4f03-9a25-42c688550377-139828755912512","trial_id":25,"state":2,"values":[0.31226516398367044],"datetime_complete":"2026-09-24T03:55:47.917263+00:00"}
{"op_code":4,"worker_id":"3b0842aa-3287-4f03-9a25-42c688550377-139828755912512","study_id":0,"datetime_start":"2026-09-24T03:55:48.080580+00:00"}
{"op_code":9,"worker_id":"3b0842aa-3287-4f03-9a25-42c688550377-139828755912512","trial_id":26,"system_attr":{"tpe:relative_params:0":"{\"cnn_blocks\": \"two\", \"cnn_kernel\": 5, \"cnn_width\": \"base\", \"crop_probability\": 0.24101211326029537, \"dropout\": 0.10397704263307464, \"learning_rate\": 0.0015857827496618437, \"sampling_power\": 0.16381546173678813, \"warmup_fraction\": 0.029025132129398373, \"weight_decay\": 0.09768393527582352}"}}
{"op_code":5,"worker_id":"3b0842aa-3287-4f03-9a25-42c688550377-139828755912512","trial_id":26,"param_name":"dropout","param_value_internal":0.10397704263307464,"distribution":"{\"name\": \"FloatDistribution\", \"attributes\": {\"step\": null, \"low\": 0.0, \"high\": 0.3, \"log\": false}}"}
{"op_code":5,"worker_id":"3b0842aa-3287-4f03-9a25-42c688550377-139828755912512","trial_id":26,"param_name":"learning_rate","param_value_internal":0.0015857827496618437,"distribution":"{\"name\": \"FloatDistribution\", \"attributes\": {\"step\": null, \"low\": 0.0001, \"high\": 0.003, \"log\": true}}"}
{"op_code":5,"worker_id":"3b0842aa-3287-4f03-9a25-42c688550377-139828755912512","trial_id":26,"param_name":"weight_decay","param_value_internal":0.09768393527582352,"distribution":"{\"name\": \"FloatDistribution\", \"attributes\": {\"step\": null, \"low\": 0.001, \"high\": 0.2, \"log\": true}}"}
{"op_code":5,"worker_id":"3b0842aa-3287-4f03-9a25-42c688550377-139828755912512","trial_id":26,"param_name":"warmup_fraction","param_value_internal":0.029025132129398373,"distribution":"{\"name\": \"FloatDistribution\", \"attributes\": {\"step\": null, \"low\": 0.02, \"high\": 0.1, \"log\": false}}"}
{"op_code":5,"worker_id":"3b0842aa-3287-4f03-9a25-42c688550377-139828755912512","trial_id":26,"param_name":"sampling_power","param_value_internal":0.16381546173678813,"distribution":"{\"name\": \"FloatDistribution\", \"attributes\": {\"step\": null, \"low\": 0.0, \"high\": 1.0, \"log\": false}}"}
{"op_code":5,"worker_id":"3b0842aa-3287-4f03-9a25-42c688550377-139828755912512","trial_id":26,"param_name":"crop_probability","param_value_internal":0.24101211326029537,"distribution":"{\"name\": \"FloatDistribution\", \"attributes\": {\"step\": null, \"low\": 0.2, \"high\": 0.8, \"log\": false}}"}
{"op_code":5,"worker_id":"3b0842aa-3287-4f03-9a25-42c688550377-139828755912512","trial_id":26,"param_name":"cnn_width","param_value_internal":0,"distribution":"{\"name\": \"CategoricalDistribution\", \"attributes\": {\"choices\": [\"base\", \"large\", \"small\"]}}"}
{"op_code":5,"worker_id":"3b0842aa-3287-4f03-9a25-42c688550377-139828755912512","trial_id":26,"param_name":"cnn_blocks","param_value_internal":1,"distribution":"{\"name\": \"CategoricalDistribution\", \"attributes\": {\"choices\": [\"three\", \"two\"]}}"}
{"op_code":5,"worker_id":"3b0842aa-3287-4f03-9a25-42c688550377-139828755912512","trial_id":26,"param_name":"cnn_kernel","param_value_internal":0,"distribution":"{\"name\": \"CategoricalDistribution\", \"attributes\": {\"choices\": [5, 7, 9, 11]}}"}
{"op_code":8,"worker_id":"3b0842aa-3287-4f03-9a25-42c688550377-139828755912512","trial_id":26,"user_attr":{"encoder":{"embedding_dim":64,"channels":[128,192,256,320],"blocks_per_stage":2,"kernel_size":5,"dilations":[1,2],"output_dim":256,"dropout":0.10397704263307464}}}
{"op_code":7,"worker_id":"3b0842aa-3287-4f03-9a25-42c688550377-139828755912512","trial_id":26,"step":1,"intermediate_value":0.1944946579717569}
{"op_code":7,"worker_id":"3b0842aa-3287-4f03-9a25-42c688550377-139828755912512","trial_id":26,"step":2,"intermediate_value":0.3092364690427195}
{"op_code":9,"worker_id":"3b0842aa-3287-4f03-9a25-42c688550377-139828755912512","trial_id":26,"system_attr":{"completed_rung_0":0.3092364690427195}}
{"op_code":6,"worker_id":"3b0842aa-3287-4f03-9a25-42c688550377-139828755912512","trial_id":26,"state":2,"values":[0.3092364690427195],"datetime_complete":"2026-09-24T04:04:38.693649+00:00"}
{"op_code":4,"worker_id":"3b0842aa-3287-4f03-9a25-42c688550377-139828755912512","study_id":0,"datetime_start":"2026-09-24T04:04:38.855643+00:00"}
{"op_code":9,"worker_id":"3b0842aa-3287-4f03-9a25-42c688550377-139828755912512","trial_id":27,"system_attr":{"tpe:relative_params:0":"{\"cnn_blocks\": \"two\", \"cnn_kernel\": 5, \"cnn_width\": \"base\", \"crop_probability\": 0.3734884828806978, \"dropout\": 0.012523776299417103, \"learning_rate\": 0.00034299140284919797, \"sampling_power\": 0.19264205842589888, \"warmup_fraction\": 0.021666657005048707, \"weight_decay\": 0.1436965315682684}"}}
{"op_code":5,"worker_id":"3b0842aa-3287-4f03-9a25-42c688550377-139828755912512","trial_id":27,"param_name":"dropout","param_value_internal":0.012523776299417103,"distribution":"{\"name\": \"FloatDistribution\", \"attributes\": {\"step\": null, \"low\": 0.0, \"high\": 0.3, \"log\": false}}"}
{"op_code":5,"worker_id":"3b0842aa-3287-4f03-9a25-42c688550377-139828755912512","trial_id":27,"param_name":"learning_rate","param_value_internal":0.00034299140284919797,"distribution":"{\"name\": \"FloatDistribution\", \"attributes\": {\"step\": null, \"low\": 0.0001, \"high\": 0.003, \"log\": true}}"}
{"op_code":5,"worker_id":"3b0842aa-3287-4f03-9a25-42c688550377-139828755912512","trial_id":27,"param_name":"weight_decay","param_value_internal":0.1436965315682684,"distribution":"{\"name\": \"FloatDistribution\", \"attributes\": {\"step\": null, \"low\": 0.001, \"high\": 0.2, \"log\": true}}"}
{"op_code":5,"worker_id":"3b0842aa-3287-4f03-9a25-42c688550377-139828755912512","trial_id":27,"param_name":"warmup_fraction","param_value_internal":0.021666657005048707,"distribution":"{\"name\": \"FloatDistribution\", \"attributes\": {\"step\": null, \"low\": 0.02, \"high\": 0.1, \"log\": false}}"}
{"op_code":5,"worker_id":"3b0842aa-3287-4f03-9a25-42c688550377-139828755912512","trial_id":27,"param_name":"sampling_power","param_value_internal":0.19264205842589888,"distribution":"{\"name\": \"FloatDistribution\", \"attributes\": {\"step\": null, \"low\": 0.0, \"high\": 1.0, \"log\": false}}"}
{"op_code":5,"worker_id":"3b0842aa-3287-4f03-9a25-42c688550377-139828755912512","trial_id":27,"param_name":"crop_probability","param_value_internal":0.3734884828806978,"distribution":"{\"name\": \"FloatDistribution\", \"attributes\": {\"step\": null, \"low\": 0.2, \"high\": 0.8, \"log\": false}}"}
{"op_code":5,"worker_id":"3b0842aa-3287-4f03-9a25-42c688550377-139828755912512","trial_id":27,"param_name":"cnn_width","param_value_internal":0,"distribution":"{\"name\": \"CategoricalDistribution\", \"attributes\": {\"choices\": [\"base\", \"large\", \"small\"]}}"}
{"op_code":5,"worker_id":"3b0842aa-3287-4f03-9a25-42c688550377-139828755912512","trial_id":27,"param_name":"cnn_blocks","param_value_internal":1,"distribution":"{\"name\": \"CategoricalDistribution\", \"attributes\": {\"choices\": [\"three\", \"two\"]}}"}
{"op_code":5,"worker_id":"3b0842aa-3287-4f03-9a25-42c688550377-139828755912512","trial_id":27,"param_name":"cnn_kernel","param_value_internal":0,"distribution":"{\"name\": \"CategoricalDistribution\", \"attributes\": {\"choices\": [5, 7, 9, 11]}}"}
{"op_code":8,"worker_id":"3b0842aa-3287-4f03-9a25-42c688550377-139828755912512","trial_id":27,"user_attr":{"encoder":{"embedding_dim":64,"channels":[128,192,256,320],"blocks_per_stage":2,"kernel_size":5,"dilations":[1,2],"output_dim":256,"dropout":0.012523776299417103}}}
{"op_code":7,"worker_id":"3b0842aa-3287-4f03-9a25-42c688550377-139828755912512","trial_id":27,"step":1,"intermediate_value":0.25656220023750276}
{"op_code":7,"worker_id":"3b0842aa-3287-4f03-9a25-42c688550377-139828755912512","trial_id":27,"step":2,"intermediate_value":0.36462750702599267}
{"op_code":9,"worker_id":"3b0842aa-3287-4f03-9a25-42c688550377-139828755912512","trial_id":27,"system_attr":{"completed_rung_0":0.36462750702599267}}
{"op_code":7,"worker_id":"3b0842aa-3287-4f03-9a25-42c688550377-139828755912512","trial_id":27,"step":3,"intermediate_value":0.43706857328711685}
{"op_code":7,"worker_id":"3b0842aa-3287-4f03-9a25-42c688550377-139828755912512","trial_id":27,"step":4,"intermediate_value":0.47281614626280943}
{"op_code":7,"worker_id":"3b0842aa-3287-4f03-9a25-42c688550377-139828755912512","trial_id":27,"step":5,"intermediate_value":0.5043803360929038}
{"op_code":7,"worker_id":"3b0842aa-3287-4f03-9a25-42c688550377-139828755912512","trial_id":27,"step":6,"intermediate_value":0.5062364532151482}
{"op_code":9,"worker_id":"3b0842aa-3287-4f03-9a25-42c688550377-139828755912512","trial_id":27,"system_attr":{"completed_rung_1":0.5062364532151482}}
{"op_code":6,"worker_id":"3b0842aa-3287-4f03-9a25-42c688550377-139828755912512","trial_id":27,"state":2,"values":[0.5062364532151482],"datetime_complete":"2026-09-24T04:31:02.167692+00:00"}
{"op_code":4,"worker_id":"3b0842aa-3287-4f03-9a25-42c688550377-139828755912512","study_id":0,"datetime_start":"2026-09-24T04:31:02.337905+00:00"}
{"op_code":9,"worker_id":"3b0842aa-3287-4f03-9a25-42c688550377-139828755912512","trial_id":28,"system_attr":{"tpe:relative_params:0":"{\"cnn_blocks\": \"two\", \"cnn_kernel\": 5, \"cnn_width\": \"base\", \"crop_probability\": 0.21188884182605364, \"dropout\": 0.04965191253976906, \"learning_rate\": 0.0007595090389429127, \"sampling_power\": 0.019107565436550178, \"warmup_fraction\": 0.036417009750172154, \"weight_decay\": 0.06709221385893366}"}}
{"op_code":5,"worker_id":"3b0842aa-3287-4f03-9a25-42c688550377-139828755912512","trial_id":28,"param_name":"dropout","param_value_internal":0.04965191253976906,"distribution":"{\"name\": \"FloatDistribution\", \"attributes\": {\"step\": null, \"low\": 0.0, \"high\": 0.3, \"log\": false}}"}
{"op_code":5,"worker_id":"3b0842aa-3287-4f03-9a25-42c688550377-139828755912512","trial_id":28,"param_name":"learning_rate","param_value_internal":0.0007595090389429127,"distribution":"{\"name\": \"FloatDistribution\", \"attributes\": {\"step\": null, \"low\": 0.0001, \"high\": 0.003, \"log\": true}}"}
{"op_code":5,"worker_id":"3b0842aa-3287-4f03-9a25-42c688550377-139828755912512","trial_id":28,"param_name":"weight_decay","param_value_internal":0.06709221385893366,"distribution":"{\"name\": \"FloatDistribution\", \"attributes\": {\"step\": null, \"low\": 0.001, \"high\": 0.2, \"log\": true}}"}
{"op_code":5,"worker_id":"3b0842aa-3287-4f03-9a25-42c688550377-139828755912512","trial_id":28,"param_name":"warmup_fraction","param_value_internal":0.036417009750172154,"distribution":"{\"name\": \"FloatDistribution\", \"attributes\": {\"step\": null, \"low\": 0.02, \"high\": 0.1, \"log\": false}}"}
{"op_code":5,"worker_id":"3b0842aa-3287-4f03-9a25-42c688550377-139828755912512","trial_id":28,"param_name":"sampling_power","param_value_internal":0.019107565436550178,"distribution":"{\"name\": \"FloatDistribution\", \"attributes\": {\"step\": null, \"low\": 0.0, \"high\": 1.0, \"log\": false}}"}
{"op_code":5,"worker_id":"3b0842aa-3287-4f03-9a25-42c688550377-139828755912512","trial_id":28,"param_name":"crop_probability","param_value_internal":0.21188884182605364,"distribution":"{\"name\": \"FloatDistribution\", \"attributes\": {\"step\": null, \"low\": 0.2, \"high\": 0.8, \"log\": false}}"}
{"op_code":5,"worker_id":"3b0842aa-3287-4f03-9a25-42c688550377-139828755912512","trial_id":28,"param_name":"cnn_width","param_value_internal":0,"distribution":"{\"name\": \"CategoricalDistribution\", \"attributes\": {\"choices\": [\"base\", \"large\", \"small\"]}}"}
{"op_code":5,"worker_id":"3b0842aa-3287-4f03-9a25-42c688550377-139828755912512","trial_id":28,"param_name":"cnn_blocks","param_value_internal":1,"distribution":"{\"name\": \"CategoricalDistribution\", \"attributes\": {\"choices\": [\"three\", \"two\"]}}"}
{"op_code":5,"worker_id":"3b0842aa-3287-4f03-9a25-42c688550377-139828755912512","trial_id":28,"param_name":"cnn_kernel","param_value_internal":0,"distribution":"{\"name\": \"CategoricalDistribution\", \"attributes\": {\"choices\": [5, 7, 9, 11]}}"}
{"op_code":8,"worker_id":"3b0842aa-3287-4f03-9a25-42c688550377-139828755912512","trial_id":28,"user_attr":{"encoder":{"embedding_dim":64,"channels":[128,192,256,320],"blocks_per_stage":2,"kernel_size":5,"dilations":[1,2],"output_dim":256,"dropout":0.04965191253976906}}}
{"op_code":7,"worker_id":"3b0842aa-3287-4f03-9a25-42c688550377-139828755912512","trial_id":28,"step":1,"intermediate_value":0.346258886010946}
{"op_code":8,"worker_id":"3b0842aa-3287-4f03-9a25-42c688550377-139828755912512","trial_id":28,"user_attr":{"stopped_by_deadline":true}}
{"op_code":6,"worker_id":"3b0842aa-3287-4f03-9a25-42c688550377-139828755912512","trial_id":28,"state":2,"values":[0.346258886010946],"datetime_complete":"2026-09-24T04:35:41.012292+00:00"}
